<?xml version="1.0" encoding="UTF-8"?>
<gpx xmlns="http://www.topografix.com/GPX/1/1" version="1.1" creator="pennsylvania-trip">
  <metadata>
    <name>Day 1 — Jersey Shore to Morris</name>
    <link href="https://ridewithgps.com/routes/57094763"><text>Hirschl family bike ride october '26</text></link>
  </metadata>
  <trk>
    <name>Day 1 — Jersey Shore to Morris</name>
    <trkseg>
      <trkpt lat="41.20199" lon="-77.27838"><ele>183.0</ele></trkpt>
      <trkpt lat="41.20198" lon="-77.27846"><ele>183.1</ele></trkpt>
      <trkpt lat="41.20197" lon="-77.27853"><ele>183.1</ele></trkpt>
      <trkpt lat="41.20192" lon="-77.27878"><ele>183.2</ele></trkpt>
      <trkpt lat="41.20193" lon="-77.27882"><ele>183.2</ele></trkpt>
      <trkpt lat="41.20196" lon="-77.27889"><ele>182.9</ele></trkpt>
      <trkpt lat="41.20194" lon="-77.278989"><ele>182.8</ele></trkpt>
      <trkpt lat="41.20164" lon="-77.28018"><ele>183.2</ele></trkpt>
      <trkpt lat="41.20155" lon="-77.28048"><ele>183.5</ele></trkpt>
      <trkpt lat="41.20154" lon="-77.2805"><ele>183.5</ele></trkpt>
      <trkpt lat="41.20153" lon="-77.28059"><ele>183.3</ele></trkpt>
      <trkpt lat="41.2015" lon="-77.28073"><ele>183.0</ele></trkpt>
      <trkpt lat="41.20147" lon="-77.2809"><ele>182.8</ele></trkpt>
      <trkpt lat="41.2014" lon="-77.2812"><ele>182.7</ele></trkpt>
      <trkpt lat="41.201189" lon="-77.28189"><ele>181.9</ele></trkpt>
      <trkpt lat="41.20114" lon="-77.282079"><ele>179.6</ele></trkpt>
      <trkpt lat="41.20104" lon="-77.28243"><ele>177.0</ele></trkpt>
      <trkpt lat="41.20092" lon="-77.28297"><ele>176.9</ele></trkpt>
      <trkpt lat="41.20073" lon="-77.283959"><ele>178.0</ele></trkpt>
      <trkpt lat="41.20068" lon="-77.284139"><ele>178.0</ele></trkpt>
      <trkpt lat="41.20042" lon="-77.285169"><ele>177.5</ele></trkpt>
      <trkpt lat="41.2004" lon="-77.28524"><ele>177.5</ele></trkpt>
      <trkpt lat="41.20033" lon="-77.28537"><ele>177.5</ele></trkpt>
      <trkpt lat="41.2003" lon="-77.28554"><ele>177.7</ele></trkpt>
      <trkpt lat="41.20026" lon="-77.28569"><ele>177.9</ele></trkpt>
      <trkpt lat="41.20024" lon="-77.28586"><ele>179.0</ele></trkpt>
      <trkpt lat="41.20021" lon="-77.28607"><ele>181.1</ele></trkpt>
      <trkpt lat="41.20021" lon="-77.28614"><ele>181.7</ele></trkpt>
      <trkpt lat="41.20015" lon="-77.28639"><ele>182.1</ele></trkpt>
      <trkpt lat="41.20002" lon="-77.286689"><ele>181.4</ele></trkpt>
      <trkpt lat="41.19999" lon="-77.286779"><ele>181.5</ele></trkpt>
      <trkpt lat="41.199979" lon="-77.28679"><ele>181.5</ele></trkpt>
      <trkpt lat="41.1998" lon="-77.28724"><ele>182.7</ele></trkpt>
      <trkpt lat="41.1998" lon="-77.28726"><ele>182.6</ele></trkpt>
      <trkpt lat="41.19984" lon="-77.28731"><ele>182.6</ele></trkpt>
      <trkpt lat="41.19984" lon="-77.28731"><ele>182.6</ele></trkpt>
      <trkpt lat="41.19991" lon="-77.28738"><ele>182.9</ele></trkpt>
      <trkpt lat="41.19992" lon="-77.28742"><ele>183.0</ele></trkpt>
      <trkpt lat="41.19983" lon="-77.28773"><ele>182.6</ele></trkpt>
      <trkpt lat="41.19971" lon="-77.28812"><ele>182.4</ele></trkpt>
      <trkpt lat="41.19957" lon="-77.28852"><ele>182.3</ele></trkpt>
      <trkpt lat="41.19954" lon="-77.288659"><ele>182.2</ele></trkpt>
      <trkpt lat="41.19943" lon="-77.28912"><ele>181.1</ele></trkpt>
      <trkpt lat="41.19933" lon="-77.28957"><ele>178.3</ele></trkpt>
      <trkpt lat="41.1993" lon="-77.2897"><ele>177.6</ele></trkpt>
      <trkpt lat="41.19929" lon="-77.2898"><ele>177.4</ele></trkpt>
      <trkpt lat="41.19923" lon="-77.29022"><ele>177.2</ele></trkpt>
      <trkpt lat="41.19921" lon="-77.29051"><ele>177.4</ele></trkpt>
      <trkpt lat="41.19918" lon="-77.290989"><ele>178.2</ele></trkpt>
      <trkpt lat="41.19918" lon="-77.29122"><ele>178.7</ele></trkpt>
      <trkpt lat="41.19918" lon="-77.2913"><ele>178.8</ele></trkpt>
      <trkpt lat="41.19919" lon="-77.29141"><ele>179.0</ele></trkpt>
      <trkpt lat="41.19919" lon="-77.29146"><ele>179.1</ele></trkpt>
      <trkpt lat="41.19921" lon="-77.2917"><ele>179.2</ele></trkpt>
      <trkpt lat="41.19921" lon="-77.29171"><ele>179.2</ele></trkpt>
      <trkpt lat="41.199219" lon="-77.29181"><ele>179.2</ele></trkpt>
      <trkpt lat="41.19925" lon="-77.29208"><ele>179.3</ele></trkpt>
      <trkpt lat="41.19929" lon="-77.2924"><ele>179.3</ele></trkpt>
      <trkpt lat="41.1993" lon="-77.29242"><ele>179.3</ele></trkpt>
      <trkpt lat="41.19938" lon="-77.29279"><ele>179.3</ele></trkpt>
      <trkpt lat="41.19946" lon="-77.2931"><ele>180.3</ele></trkpt>
      <trkpt lat="41.199509" lon="-77.2933"><ele>180.4</ele></trkpt>
      <trkpt lat="41.19952" lon="-77.29333"><ele>180.4</ele></trkpt>
      <trkpt lat="41.19958" lon="-77.293539"><ele>178.1</ele></trkpt>
      <trkpt lat="41.19968" lon="-77.29376"><ele>174.8</ele></trkpt>
      <trkpt lat="41.1998" lon="-77.29403"><ele>173.0</ele></trkpt>
      <trkpt lat="41.19986" lon="-77.29417"><ele>174.0</ele></trkpt>
      <trkpt lat="41.19995" lon="-77.29436"><ele>175.8</ele></trkpt>
      <trkpt lat="41.19996" lon="-77.29437"><ele>176.0</ele></trkpt>
      <trkpt lat="41.20006" lon="-77.294569"><ele>175.5</ele></trkpt>
      <trkpt lat="41.20012" lon="-77.29467"><ele>174.9</ele></trkpt>
      <trkpt lat="41.20029" lon="-77.29492"><ele>175.5</ele></trkpt>
      <trkpt lat="41.20043" lon="-77.29508"><ele>176.6</ele></trkpt>
      <trkpt lat="41.20047" lon="-77.29513"><ele>176.2</ele></trkpt>
      <trkpt lat="41.20058" lon="-77.29523"><ele>175.9</ele></trkpt>
      <trkpt lat="41.20071" lon="-77.29534"><ele>177.8</ele></trkpt>
      <trkpt lat="41.20093" lon="-77.295509"><ele>176.7</ele></trkpt>
      <trkpt lat="41.20104" lon="-77.29559"><ele>176.1</ele></trkpt>
      <trkpt lat="41.20121" lon="-77.295689"><ele>178.2</ele></trkpt>
      <trkpt lat="41.2017" lon="-77.295959"><ele>177.4</ele></trkpt>
      <trkpt lat="41.20178" lon="-77.296"><ele>176.9</ele></trkpt>
      <trkpt lat="41.20187" lon="-77.29606"><ele>177.7</ele></trkpt>
      <trkpt lat="41.20203" lon="-77.29616"><ele>179.0</ele></trkpt>
      <trkpt lat="41.2023" lon="-77.29632"><ele>174.9</ele></trkpt>
      <trkpt lat="41.20236" lon="-77.29635"><ele>174.5</ele></trkpt>
      <trkpt lat="41.20282" lon="-77.2966"><ele>179.4</ele></trkpt>
      <trkpt lat="41.20302" lon="-77.29673"><ele>177.9</ele></trkpt>
      <trkpt lat="41.20312" lon="-77.29678"><ele>180.6</ele></trkpt>
      <trkpt lat="41.20335" lon="-77.29694"><ele>180.9</ele></trkpt>
      <trkpt lat="41.20337" lon="-77.29696"><ele>180.2</ele></trkpt>
      <trkpt lat="41.20368" lon="-77.29719"><ele>180.6</ele></trkpt>
      <trkpt lat="41.2038" lon="-77.29732"><ele>179.3</ele></trkpt>
      <trkpt lat="41.20402" lon="-77.29754"><ele>184.4</ele></trkpt>
      <trkpt lat="41.20433" lon="-77.2979"><ele>178.9</ele></trkpt>
      <trkpt lat="41.20435" lon="-77.297929"><ele>178.8</ele></trkpt>
      <trkpt lat="41.204569" lon="-77.29816"><ele>178.1</ele></trkpt>
      <trkpt lat="41.20464" lon="-77.29823"><ele>178.1</ele></trkpt>
      <trkpt lat="41.2048" lon="-77.29839"><ele>180.7</ele></trkpt>
      <trkpt lat="41.20493" lon="-77.29849"><ele>180.0</ele></trkpt>
      <trkpt lat="41.20528" lon="-77.29876"><ele>179.6</ele></trkpt>
      <trkpt lat="41.20541" lon="-77.29883"><ele>180.7</ele></trkpt>
      <trkpt lat="41.20567" lon="-77.29899"><ele>178.8</ele></trkpt>
      <trkpt lat="41.20573" lon="-77.29904"><ele>179.1</ele></trkpt>
      <trkpt lat="41.205889" lon="-77.29916"><ele>180.3</ele></trkpt>
      <trkpt lat="41.20603" lon="-77.29928"><ele>179.3</ele></trkpt>
      <trkpt lat="41.20623" lon="-77.29946"><ele>179.0</ele></trkpt>
      <trkpt lat="41.20644" lon="-77.29965"><ele>180.2</ele></trkpt>
      <trkpt lat="41.20649" lon="-77.29969"><ele>180.2</ele></trkpt>
      <trkpt lat="41.20675" lon="-77.29996"><ele>180.5</ele></trkpt>
      <trkpt lat="41.20707" lon="-77.300299"><ele>180.5</ele></trkpt>
      <trkpt lat="41.20742" lon="-77.30073"><ele>178.4</ele></trkpt>
      <trkpt lat="41.20745" lon="-77.30077"><ele>178.1</ele></trkpt>
      <trkpt lat="41.20771" lon="-77.30109"><ele>178.0</ele></trkpt>
      <trkpt lat="41.2078" lon="-77.30121"><ele>177.4</ele></trkpt>
      <trkpt lat="41.20784" lon="-77.30126"><ele>178.1</ele></trkpt>
      <trkpt lat="41.20817" lon="-77.30163"><ele>178.8</ele></trkpt>
      <trkpt lat="41.20862" lon="-77.30221"><ele>179.0</ele></trkpt>
      <trkpt lat="41.20864" lon="-77.30223"><ele>179.0</ele></trkpt>
      <trkpt lat="41.209" lon="-77.30275"><ele>180.0</ele></trkpt>
      <trkpt lat="41.20917" lon="-77.303"><ele>180.0</ele></trkpt>
      <trkpt lat="41.20965" lon="-77.3037"><ele>181.6</ele></trkpt>
      <trkpt lat="41.20985" lon="-77.30399"><ele>179.8</ele></trkpt>
      <trkpt lat="41.20988" lon="-77.30404"><ele>179.4</ele></trkpt>
      <trkpt lat="41.21009" lon="-77.30435"><ele>181.8</ele></trkpt>
      <trkpt lat="41.21016" lon="-77.30444"><ele>183.1</ele></trkpt>
      <trkpt lat="41.21045" lon="-77.30481"><ele>184.6</ele></trkpt>
      <trkpt lat="41.210479" lon="-77.30485"><ele>184.7</ele></trkpt>
      <trkpt lat="41.21062" lon="-77.30499"><ele>185.6</ele></trkpt>
      <trkpt lat="41.21082" lon="-77.30519"><ele>184.3</ele></trkpt>
      <trkpt lat="41.21092" lon="-77.30526"><ele>184.9</ele></trkpt>
      <trkpt lat="41.211039" lon="-77.30537"><ele>184.2</ele></trkpt>
      <trkpt lat="41.21123" lon="-77.3055"><ele>182.8</ele></trkpt>
      <trkpt lat="41.21131" lon="-77.30556"><ele>181.9</ele></trkpt>
      <trkpt lat="41.21156" lon="-77.30569"><ele>183.5</ele></trkpt>
      <trkpt lat="41.21157" lon="-77.3057"><ele>183.3</ele></trkpt>
      <trkpt lat="41.211889" lon="-77.30589"><ele>180.3</ele></trkpt>
      <trkpt lat="41.212" lon="-77.30595"><ele>177.8</ele></trkpt>
      <trkpt lat="41.21221" lon="-77.3061"><ele>172.5</ele></trkpt>
      <trkpt lat="41.21226" lon="-77.30614"><ele>171.8</ele></trkpt>
      <trkpt lat="41.212359" lon="-77.30623"><ele>172.2</ele></trkpt>
      <trkpt lat="41.21249" lon="-77.30636"><ele>176.1</ele></trkpt>
      <trkpt lat="41.21253" lon="-77.306389"><ele>177.5</ele></trkpt>
      <trkpt lat="41.21263" lon="-77.30651"><ele>180.4</ele></trkpt>
      <trkpt lat="41.21279" lon="-77.30669"><ele>184.2</ele></trkpt>
      <trkpt lat="41.21289" lon="-77.306839"><ele>185.6</ele></trkpt>
      <trkpt lat="41.21294" lon="-77.30691"><ele>186.4</ele></trkpt>
      <trkpt lat="41.21312" lon="-77.30722"><ele>186.2</ele></trkpt>
      <trkpt lat="41.21324" lon="-77.30743"><ele>185.2</ele></trkpt>
      <trkpt lat="41.21333" lon="-77.307599"><ele>184.1</ele></trkpt>
      <trkpt lat="41.21353" lon="-77.30799"><ele>183.1</ele></trkpt>
      <trkpt lat="41.21373" lon="-77.30837"><ele>182.4</ele></trkpt>
      <trkpt lat="41.21374" lon="-77.30839"><ele>182.4</ele></trkpt>
      <trkpt lat="41.214149" lon="-77.30917"><ele>181.4</ele></trkpt>
      <trkpt lat="41.21416" lon="-77.30918"><ele>181.5</ele></trkpt>
      <trkpt lat="41.21436" lon="-77.30956"><ele>181.2</ele></trkpt>
      <trkpt lat="41.21467" lon="-77.31014"><ele>177.9</ele></trkpt>
      <trkpt lat="41.21469" lon="-77.31016"><ele>178.3</ele></trkpt>
      <trkpt lat="41.215179" lon="-77.31113"><ele>176.0</ele></trkpt>
      <trkpt lat="41.21523" lon="-77.31123"><ele>176.4</ele></trkpt>
      <trkpt lat="41.21539" lon="-77.31152"><ele>175.4</ele></trkpt>
      <trkpt lat="41.21549" lon="-77.3117"><ele>175.7</ele></trkpt>
      <trkpt lat="41.21561" lon="-77.3119"><ele>175.4</ele></trkpt>
      <trkpt lat="41.2158" lon="-77.3122"><ele>172.0</ele></trkpt>
      <trkpt lat="41.21596" lon="-77.31244"><ele>170.5</ele></trkpt>
      <trkpt lat="41.21609" lon="-77.31261"><ele>171.4</ele></trkpt>
      <trkpt lat="41.21614" lon="-77.31268"><ele>171.9</ele></trkpt>
      <trkpt lat="41.21622" lon="-77.31278"><ele>173.1</ele></trkpt>
      <trkpt lat="41.21645" lon="-77.313059"><ele>175.9</ele></trkpt>
      <trkpt lat="41.21649" lon="-77.3131"><ele>176.2</ele></trkpt>
      <trkpt lat="41.21665" lon="-77.31329"><ele>176.4</ele></trkpt>
      <trkpt lat="41.21707" lon="-77.31375"><ele>173.9</ele></trkpt>
      <trkpt lat="41.21748" lon="-77.31419"><ele>176.5</ele></trkpt>
      <trkpt lat="41.21788" lon="-77.3146"><ele>177.1</ele></trkpt>
      <trkpt lat="41.21793" lon="-77.31465"><ele>177.1</ele></trkpt>
      <trkpt lat="41.21802" lon="-77.31475"><ele>176.8</ele></trkpt>
      <trkpt lat="41.21817" lon="-77.3149"><ele>176.7</ele></trkpt>
      <trkpt lat="41.21823" lon="-77.31497"><ele>175.9</ele></trkpt>
      <trkpt lat="41.21831" lon="-77.31504"><ele>175.4</ele></trkpt>
      <trkpt lat="41.21859" lon="-77.31534"><ele>173.5</ele></trkpt>
      <trkpt lat="41.21868" lon="-77.31544"><ele>173.0</ele></trkpt>
      <trkpt lat="41.21873" lon="-77.31549"><ele>173.1</ele></trkpt>
      <trkpt lat="41.21885" lon="-77.31564"><ele>174.8</ele></trkpt>
      <trkpt lat="41.21899" lon="-77.3158"><ele>178.0</ele></trkpt>
      <trkpt lat="41.219" lon="-77.31582"><ele>178.1</ele></trkpt>
      <trkpt lat="41.21933" lon="-77.31628"><ele>178.3</ele></trkpt>
      <trkpt lat="41.21936" lon="-77.31632"><ele>178.5</ele></trkpt>
      <trkpt lat="41.21948" lon="-77.3165"><ele>178.7</ele></trkpt>
      <trkpt lat="41.21957" lon="-77.31662"><ele>178.5</ele></trkpt>
      <trkpt lat="41.2196" lon="-77.31667"><ele>178.1</ele></trkpt>
      <trkpt lat="41.21971" lon="-77.31687"><ele>176.7</ele></trkpt>
      <trkpt lat="41.21979" lon="-77.31701"><ele>175.8</ele></trkpt>
      <trkpt lat="41.21982" lon="-77.31706"><ele>175.4</ele></trkpt>
      <trkpt lat="41.21992" lon="-77.31725"><ele>173.7</ele></trkpt>
      <trkpt lat="41.21994" lon="-77.31729"><ele>173.2</ele></trkpt>
      <trkpt lat="41.22014" lon="-77.31768"><ele>169.8</ele></trkpt>
      <trkpt lat="41.22022" lon="-77.31785"><ele>170.5</ele></trkpt>
      <trkpt lat="41.22029" lon="-77.31804"><ele>173.0</ele></trkpt>
      <trkpt lat="41.2203" lon="-77.31806"><ele>173.4</ele></trkpt>
      <trkpt lat="41.22034" lon="-77.31813"><ele>174.6</ele></trkpt>
      <trkpt lat="41.22036" lon="-77.31817"><ele>174.9</ele></trkpt>
      <trkpt lat="41.22038" lon="-77.31819"><ele>175.3</ele></trkpt>
      <trkpt lat="41.22042" lon="-77.31824"><ele>175.7</ele></trkpt>
      <trkpt lat="41.22042" lon="-77.31824"><ele>175.7</ele></trkpt>
      <trkpt lat="41.22043" lon="-77.31833"><ele>174.7</ele></trkpt>
      <trkpt lat="41.22043" lon="-77.31833"><ele>174.7</ele></trkpt>
      <trkpt lat="41.2205" lon="-77.31851"><ele>172.9</ele></trkpt>
      <trkpt lat="41.22075" lon="-77.319059"><ele>170.8</ele></trkpt>
      <trkpt lat="41.22084" lon="-77.31925"><ele>170.8</ele></trkpt>
      <trkpt lat="41.22084" lon="-77.31926"><ele>170.8</ele></trkpt>
      <trkpt lat="41.22103" lon="-77.31967"><ele>170.9</ele></trkpt>
      <trkpt lat="41.2211" lon="-77.31984"><ele>170.8</ele></trkpt>
      <trkpt lat="41.22112" lon="-77.31987"><ele>170.8</ele></trkpt>
      <trkpt lat="41.22129" lon="-77.3202"><ele>170.8</ele></trkpt>
      <trkpt lat="41.22145" lon="-77.32044"><ele>170.8</ele></trkpt>
      <trkpt lat="41.22148" lon="-77.32049"><ele>170.8</ele></trkpt>
      <trkpt lat="41.22166" lon="-77.32078"><ele>170.8</ele></trkpt>
      <trkpt lat="41.22185" lon="-77.32105"><ele>170.8</ele></trkpt>
      <trkpt lat="41.222029" lon="-77.32128"><ele>170.8</ele></trkpt>
      <trkpt lat="41.22206" lon="-77.32132"><ele>170.8</ele></trkpt>
      <trkpt lat="41.2222" lon="-77.32147"><ele>170.8</ele></trkpt>
      <trkpt lat="41.22232" lon="-77.32159"><ele>170.8</ele></trkpt>
      <trkpt lat="41.22234" lon="-77.32161"><ele>170.8</ele></trkpt>
      <trkpt lat="41.22271" lon="-77.32195"><ele>170.8</ele></trkpt>
      <trkpt lat="41.22279" lon="-77.32202"><ele>170.8</ele></trkpt>
      <trkpt lat="41.22309" lon="-77.32228"><ele>170.8</ele></trkpt>
      <trkpt lat="41.22339" lon="-77.32255"><ele>170.9</ele></trkpt>
      <trkpt lat="41.2236" lon="-77.32274"><ele>170.8</ele></trkpt>
      <trkpt lat="41.22384" lon="-77.32293"><ele>170.6</ele></trkpt>
      <trkpt lat="41.223999" lon="-77.32306"><ele>171.0</ele></trkpt>
      <trkpt lat="41.2243" lon="-77.32331"><ele>172.6</ele></trkpt>
      <trkpt lat="41.22461" lon="-77.32357"><ele>173.3</ele></trkpt>
      <trkpt lat="41.22504" lon="-77.32393"><ele>173.6</ele></trkpt>
      <trkpt lat="41.22521" lon="-77.32408"><ele>173.2</ele></trkpt>
      <trkpt lat="41.22552" lon="-77.32434"><ele>173.6</ele></trkpt>
      <trkpt lat="41.22573" lon="-77.32453"><ele>173.0</ele></trkpt>
      <trkpt lat="41.22582" lon="-77.3246"><ele>173.0</ele></trkpt>
      <trkpt lat="41.22612" lon="-77.32486"><ele>173.5</ele></trkpt>
      <trkpt lat="41.22625" lon="-77.32498"><ele>173.7</ele></trkpt>
      <trkpt lat="41.22642" lon="-77.32512"><ele>174.0</ele></trkpt>
      <trkpt lat="41.22657" lon="-77.32525"><ele>174.2</ele></trkpt>
      <trkpt lat="41.22673" lon="-77.32537"><ele>174.5</ele></trkpt>
      <trkpt lat="41.22684" lon="-77.32547"><ele>174.6</ele></trkpt>
      <trkpt lat="41.22688" lon="-77.3255"><ele>174.7</ele></trkpt>
      <trkpt lat="41.22718" lon="-77.32577"><ele>175.1</ele></trkpt>
      <trkpt lat="41.22733" lon="-77.3259"><ele>175.3</ele></trkpt>
      <trkpt lat="41.22744" lon="-77.325999"><ele>175.4</ele></trkpt>
      <trkpt lat="41.22748" lon="-77.32603"><ele>175.4</ele></trkpt>
      <trkpt lat="41.22763" lon="-77.32616"><ele>175.6</ele></trkpt>
      <trkpt lat="41.22778" lon="-77.32629"><ele>175.5</ele></trkpt>
      <trkpt lat="41.22817" lon="-77.32662"><ele>176.6</ele></trkpt>
      <trkpt lat="41.22883" lon="-77.32718"><ele>176.1</ele></trkpt>
      <trkpt lat="41.22884" lon="-77.32719"><ele>176.1</ele></trkpt>
      <trkpt lat="41.22914" lon="-77.32746"><ele>175.9</ele></trkpt>
      <trkpt lat="41.22929" lon="-77.32759"><ele>176.1</ele></trkpt>
      <trkpt lat="41.229439" lon="-77.32771"><ele>176.3</ele></trkpt>
      <trkpt lat="41.22959" lon="-77.32785"><ele>176.3</ele></trkpt>
      <trkpt lat="41.229819" lon="-77.32805"><ele>176.1</ele></trkpt>
      <trkpt lat="41.22989" lon="-77.32811"><ele>176.3</ele></trkpt>
      <trkpt lat="41.23004" lon="-77.32825"><ele>176.4</ele></trkpt>
      <trkpt lat="41.2301" lon="-77.32831"><ele>176.3</ele></trkpt>
      <trkpt lat="41.23018" lon="-77.3284"><ele>176.1</ele></trkpt>
      <trkpt lat="41.23032" lon="-77.32855"><ele>176.5</ele></trkpt>
      <trkpt lat="41.23035" lon="-77.32859"><ele>176.6</ele></trkpt>
      <trkpt lat="41.23046" lon="-77.32871"><ele>176.6</ele></trkpt>
      <trkpt lat="41.23059" lon="-77.32886"><ele>176.5</ele></trkpt>
      <trkpt lat="41.23064" lon="-77.32893"><ele>176.4</ele></trkpt>
      <trkpt lat="41.23089" lon="-77.32934"><ele>176.9</ele></trkpt>
      <trkpt lat="41.230939" lon="-77.32941"><ele>176.6</ele></trkpt>
      <trkpt lat="41.23106" lon="-77.32959"><ele>176.3</ele></trkpt>
      <trkpt lat="41.2313" lon="-77.32995"><ele>176.0</ele></trkpt>
      <trkpt lat="41.231409" lon="-77.33011"><ele>175.8</ele></trkpt>
      <trkpt lat="41.23165" lon="-77.33049"><ele>175.9</ele></trkpt>
      <trkpt lat="41.23176" lon="-77.33067"><ele>175.6</ele></trkpt>
      <trkpt lat="41.23207" lon="-77.33114"><ele>176.1</ele></trkpt>
      <trkpt lat="41.23222" lon="-77.33134"><ele>176.2</ele></trkpt>
      <trkpt lat="41.23254" lon="-77.33179"><ele>176.3</ele></trkpt>
      <trkpt lat="41.23272" lon="-77.33202"><ele>176.1</ele></trkpt>
      <trkpt lat="41.23296" lon="-77.33229"><ele>176.4</ele></trkpt>
      <trkpt lat="41.232999" lon="-77.33233"><ele>176.6</ele></trkpt>
      <trkpt lat="41.23325" lon="-77.33254"><ele>178.0</ele></trkpt>
      <trkpt lat="41.233469" lon="-77.3327"><ele>178.4</ele></trkpt>
      <trkpt lat="41.23362" lon="-77.33281"><ele>178.3</ele></trkpt>
      <trkpt lat="41.23371" lon="-77.33288"><ele>178.2</ele></trkpt>
      <trkpt lat="41.23378" lon="-77.33292"><ele>178.2</ele></trkpt>
      <trkpt lat="41.23393" lon="-77.333"><ele>177.9</ele></trkpt>
      <trkpt lat="41.23421" lon="-77.33313"><ele>177.9</ele></trkpt>
      <trkpt lat="41.23429" lon="-77.33316"><ele>178.1</ele></trkpt>
      <trkpt lat="41.23445" lon="-77.33322"><ele>178.1</ele></trkpt>
      <trkpt lat="41.23446" lon="-77.33323"><ele>178.1</ele></trkpt>
      <trkpt lat="41.23465" lon="-77.33326"><ele>178.1</ele></trkpt>
      <trkpt lat="41.23494" lon="-77.33332"><ele>178.2</ele></trkpt>
      <trkpt lat="41.23525" lon="-77.33333"><ele>178.9</ele></trkpt>
      <trkpt lat="41.23571" lon="-77.33335"><ele>179.2</ele></trkpt>
      <trkpt lat="41.23579" lon="-77.33336"><ele>179.3</ele></trkpt>
      <trkpt lat="41.23625" lon="-77.33335"><ele>179.8</ele></trkpt>
      <trkpt lat="41.23661" lon="-77.33334"><ele>178.1</ele></trkpt>
      <trkpt lat="41.23712" lon="-77.33333"><ele>178.2</ele></trkpt>
      <trkpt lat="41.23751" lon="-77.33333"><ele>178.4</ele></trkpt>
      <trkpt lat="41.23858" lon="-77.33334"><ele>177.8</ele></trkpt>
      <trkpt lat="41.23859" lon="-77.33334"><ele>177.7</ele></trkpt>
      <trkpt lat="41.23895" lon="-77.33333"><ele>177.5</ele></trkpt>
      <trkpt lat="41.23949" lon="-77.33333"><ele>177.2</ele></trkpt>
      <trkpt lat="41.239669" lon="-77.33333"><ele>177.1</ele></trkpt>
      <trkpt lat="41.239849" lon="-77.33333"><ele>177.0</ele></trkpt>
      <trkpt lat="41.24003" lon="-77.33333"><ele>176.9</ele></trkpt>
      <trkpt lat="41.24037" lon="-77.33333"><ele>176.8</ele></trkpt>
      <trkpt lat="41.24057" lon="-77.33332"><ele>176.8</ele></trkpt>
      <trkpt lat="41.24062" lon="-77.33332"><ele>176.8</ele></trkpt>
      <trkpt lat="41.24075" lon="-77.33329"><ele>176.7</ele></trkpt>
      <trkpt lat="41.2409" lon="-77.33324"><ele>176.9</ele></trkpt>
      <trkpt lat="41.2411" lon="-77.33318"><ele>176.5</ele></trkpt>
      <trkpt lat="41.24115" lon="-77.33316"><ele>176.2</ele></trkpt>
      <trkpt lat="41.24138" lon="-77.33306"><ele>176.2</ele></trkpt>
      <trkpt lat="41.24156" lon="-77.332939"><ele>176.8</ele></trkpt>
      <trkpt lat="41.24175" lon="-77.33282"><ele>176.8</ele></trkpt>
      <trkpt lat="41.24194" lon="-77.33265"><ele>176.8</ele></trkpt>
      <trkpt lat="41.242019" lon="-77.33256"><ele>176.8</ele></trkpt>
      <trkpt lat="41.24209" lon="-77.33249"><ele>176.8</ele></trkpt>
      <trkpt lat="41.24225" lon="-77.33232"><ele>176.8</ele></trkpt>
      <trkpt lat="41.24238" lon="-77.33214"><ele>176.8</ele></trkpt>
      <trkpt lat="41.2425" lon="-77.33192"><ele>176.8</ele></trkpt>
      <trkpt lat="41.24252" lon="-77.33188"><ele>176.9</ele></trkpt>
      <trkpt lat="41.2427" lon="-77.33145"><ele>177.7</ele></trkpt>
      <trkpt lat="41.24283" lon="-77.3312"><ele>177.8</ele></trkpt>
      <trkpt lat="41.2431" lon="-77.33067"><ele>177.6</ele></trkpt>
      <trkpt lat="41.243229" lon="-77.33041"><ele>177.3</ele></trkpt>
      <trkpt lat="41.24336" lon="-77.33016"><ele>177.0</ele></trkpt>
      <trkpt lat="41.24363" lon="-77.32959"><ele>177.4</ele></trkpt>
      <trkpt lat="41.24387" lon="-77.32922"><ele>177.2</ele></trkpt>
      <trkpt lat="41.24394" lon="-77.32912"><ele>177.2</ele></trkpt>
      <trkpt lat="41.2441" lon="-77.32889"><ele>177.1</ele></trkpt>
      <trkpt lat="41.24437" lon="-77.32859"><ele>177.2</ele></trkpt>
      <trkpt lat="41.24462" lon="-77.32832"><ele>177.4</ele></trkpt>
      <trkpt lat="41.24496" lon="-77.32807"><ele>177.6</ele></trkpt>
      <trkpt lat="41.24546" lon="-77.32776"><ele>177.6</ele></trkpt>
      <trkpt lat="41.24575" lon="-77.32764"><ele>177.2</ele></trkpt>
      <trkpt lat="41.24581" lon="-77.32761"><ele>177.1</ele></trkpt>
      <trkpt lat="41.24619" lon="-77.32751"><ele>176.9</ele></trkpt>
      <trkpt lat="41.24663" lon="-77.32743"><ele>177.3</ele></trkpt>
      <trkpt lat="41.246899" lon="-77.32743"><ele>177.2</ele></trkpt>
      <trkpt lat="41.247" lon="-77.32743"><ele>177.2</ele></trkpt>
      <trkpt lat="41.24801" lon="-77.32749"><ele>177.2</ele></trkpt>
      <trkpt lat="41.24843" lon="-77.32752"><ele>178.2</ele></trkpt>
      <trkpt lat="41.24879" lon="-77.32754"><ele>178.0</ele></trkpt>
      <trkpt lat="41.24895" lon="-77.32755"><ele>177.8</ele></trkpt>
      <trkpt lat="41.24897" lon="-77.32755"><ele>177.8</ele></trkpt>
      <trkpt lat="41.24915" lon="-77.32757"><ele>178.3</ele></trkpt>
      <trkpt lat="41.24933" lon="-77.32759"><ele>178.3</ele></trkpt>
      <trkpt lat="41.24942" lon="-77.32761"><ele>178.5</ele></trkpt>
      <trkpt lat="41.24951" lon="-77.32762"><ele>178.4</ele></trkpt>
      <trkpt lat="41.24965" lon="-77.32764"><ele>178.6</ele></trkpt>
      <trkpt lat="41.25001" lon="-77.32773"><ele>178.5</ele></trkpt>
      <trkpt lat="41.25004" lon="-77.32774"><ele>178.5</ele></trkpt>
      <trkpt lat="41.25021" lon="-77.32781"><ele>179.8</ele></trkpt>
      <trkpt lat="41.25038" lon="-77.327879"><ele>179.4</ele></trkpt>
      <trkpt lat="41.25038" lon="-77.32789"><ele>179.5</ele></trkpt>
      <trkpt lat="41.250549" lon="-77.32798"><ele>178.9</ele></trkpt>
      <trkpt lat="41.25081" lon="-77.32814"><ele>179.7</ele></trkpt>
      <trkpt lat="41.25125" lon="-77.32843"><ele>179.9</ele></trkpt>
      <trkpt lat="41.25136" lon="-77.32851"><ele>179.8</ele></trkpt>
      <trkpt lat="41.25175" lon="-77.32876"><ele>180.6</ele></trkpt>
      <trkpt lat="41.25216" lon="-77.32905"><ele>180.6</ele></trkpt>
      <trkpt lat="41.25219" lon="-77.32907"><ele>180.6</ele></trkpt>
      <trkpt lat="41.25269" lon="-77.32949"><ele>179.6</ele></trkpt>
      <trkpt lat="41.25276" lon="-77.32956"><ele>179.2</ele></trkpt>
      <trkpt lat="41.25291" lon="-77.32971"><ele>179.5</ele></trkpt>
      <trkpt lat="41.25305" lon="-77.329849"><ele>179.4</ele></trkpt>
      <trkpt lat="41.25327" lon="-77.33005"><ele>178.4</ele></trkpt>
      <trkpt lat="41.25334" lon="-77.33014"><ele>178.9</ele></trkpt>
      <trkpt lat="41.25361" lon="-77.33045"><ele>180.5</ele></trkpt>
      <trkpt lat="41.253749" lon="-77.3306"><ele>180.7</ele></trkpt>
      <trkpt lat="41.25389" lon="-77.33076"><ele>181.6</ele></trkpt>
      <trkpt lat="41.25402" lon="-77.33092"><ele>182.5</ele></trkpt>
      <trkpt lat="41.25403" lon="-77.33092"><ele>182.2</ele></trkpt>
      <trkpt lat="41.2543" lon="-77.33122"><ele>182.0</ele></trkpt>
      <trkpt lat="41.25458" lon="-77.33152"><ele>181.9</ele></trkpt>
      <trkpt lat="41.25482" lon="-77.33177"><ele>182.6</ele></trkpt>
      <trkpt lat="41.25541" lon="-77.33243"><ele>184.5</ele></trkpt>
      <trkpt lat="41.25558" lon="-77.33262"><ele>184.5</ele></trkpt>
      <trkpt lat="41.25569" lon="-77.33273"><ele>184.4</ele></trkpt>
      <trkpt lat="41.25612" lon="-77.33318"><ele>184.4</ele></trkpt>
      <trkpt lat="41.25631" lon="-77.33338"><ele>184.1</ele></trkpt>
      <trkpt lat="41.25641" lon="-77.33346"><ele>182.3</ele></trkpt>
      <trkpt lat="41.25656" lon="-77.33359"><ele>178.8</ele></trkpt>
      <trkpt lat="41.25671" lon="-77.33371"><ele>180.4</ele></trkpt>
      <trkpt lat="41.25687" lon="-77.33384"><ele>182.2</ele></trkpt>
      <trkpt lat="41.25698" lon="-77.33393"><ele>181.7</ele></trkpt>
      <trkpt lat="41.25748" lon="-77.33434"><ele>180.7</ele></trkpt>
      <trkpt lat="41.25764" lon="-77.33448"><ele>181.6</ele></trkpt>
      <trkpt lat="41.257779" lon="-77.33459"><ele>181.7</ele></trkpt>
      <trkpt lat="41.25814" lon="-77.33487"><ele>182.1</ele></trkpt>
      <trkpt lat="41.25858" lon="-77.33514"><ele>182.1</ele></trkpt>
      <trkpt lat="41.258629" lon="-77.33517"><ele>182.0</ele></trkpt>
      <trkpt lat="41.25897" lon="-77.33534"><ele>182.1</ele></trkpt>
      <trkpt lat="41.25926" lon="-77.33547"><ele>181.7</ele></trkpt>
      <trkpt lat="41.25943" lon="-77.33555"><ele>181.6</ele></trkpt>
      <trkpt lat="41.25977" lon="-77.33568"><ele>181.2</ele></trkpt>
      <trkpt lat="41.25988" lon="-77.33572"><ele>181.4</ele></trkpt>
      <trkpt lat="41.26012" lon="-77.3358"><ele>182.0</ele></trkpt>
      <trkpt lat="41.26023" lon="-77.33583"><ele>181.8</ele></trkpt>
      <trkpt lat="41.26057" lon="-77.33591"><ele>181.5</ele></trkpt>
      <trkpt lat="41.26065" lon="-77.33592"><ele>180.9</ele></trkpt>
      <trkpt lat="41.26088" lon="-77.33595"><ele>180.7</ele></trkpt>
      <trkpt lat="41.26101" lon="-77.33597"><ele>180.8</ele></trkpt>
      <trkpt lat="41.26123" lon="-77.336"><ele>181.2</ele></trkpt>
      <trkpt lat="41.26137" lon="-77.33601"><ele>181.1</ele></trkpt>
      <trkpt lat="41.26155" lon="-77.33602"><ele>181.0</ele></trkpt>
      <trkpt lat="41.26158" lon="-77.33602"><ele>181.0</ele></trkpt>
      <trkpt lat="41.262009" lon="-77.33602"><ele>181.4</ele></trkpt>
      <trkpt lat="41.26227" lon="-77.336"><ele>181.4</ele></trkpt>
      <trkpt lat="41.26241" lon="-77.33598"><ele>182.2</ele></trkpt>
      <trkpt lat="41.26284" lon="-77.335939"><ele>183.0</ele></trkpt>
      <trkpt lat="41.26321" lon="-77.33586"><ele>182.7</ele></trkpt>
      <trkpt lat="41.26334" lon="-77.33583"><ele>182.3</ele></trkpt>
      <trkpt lat="41.26361" lon="-77.335759"><ele>182.1</ele></trkpt>
      <trkpt lat="41.263689" lon="-77.33573"><ele>181.3</ele></trkpt>
      <trkpt lat="41.26395" lon="-77.33562"><ele>179.9</ele></trkpt>
      <trkpt lat="41.2642" lon="-77.33551"><ele>179.0</ele></trkpt>
      <trkpt lat="41.26437" lon="-77.33543"><ele>178.8</ele></trkpt>
      <trkpt lat="41.264539" lon="-77.33535"><ele>178.4</ele></trkpt>
      <trkpt lat="41.26488" lon="-77.33519"><ele>178.8</ele></trkpt>
      <trkpt lat="41.265009" lon="-77.33513"><ele>178.3</ele></trkpt>
      <trkpt lat="41.26505" lon="-77.33511"><ele>178.5</ele></trkpt>
      <trkpt lat="41.26556" lon="-77.33487"><ele>179.0</ele></trkpt>
      <trkpt lat="41.265659" lon="-77.334819"><ele>179.3</ele></trkpt>
      <trkpt lat="41.26623" lon="-77.33454"><ele>178.2</ele></trkpt>
      <trkpt lat="41.2664" lon="-77.33445"><ele>177.7</ele></trkpt>
      <trkpt lat="41.26663" lon="-77.33434"><ele>178.4</ele></trkpt>
      <trkpt lat="41.26725" lon="-77.33404"><ele>179.3</ele></trkpt>
      <trkpt lat="41.2676" lon="-77.33386"><ele>179.1</ele></trkpt>
      <trkpt lat="41.267919" lon="-77.333699"><ele>178.8</ele></trkpt>
      <trkpt lat="41.26809" lon="-77.333609"><ele>178.6</ele></trkpt>
      <trkpt lat="41.26859" lon="-77.33335"><ele>178.5</ele></trkpt>
      <trkpt lat="41.26884" lon="-77.33322"><ele>178.8</ele></trkpt>
      <trkpt lat="41.26926" lon="-77.33302"><ele>178.9</ele></trkpt>
      <trkpt lat="41.26943" lon="-77.332939"><ele>179.0</ele></trkpt>
      <trkpt lat="41.269599" lon="-77.332849"><ele>179.1</ele></trkpt>
      <trkpt lat="41.26963" lon="-77.33284"><ele>179.1</ele></trkpt>
      <trkpt lat="41.26977" lon="-77.33277"><ele>178.8</ele></trkpt>
      <trkpt lat="41.26994" lon="-77.33269"><ele>178.9</ele></trkpt>
      <trkpt lat="41.27011" lon="-77.3326"><ele>179.1</ele></trkpt>
      <trkpt lat="41.27028" lon="-77.33252"><ele>179.1</ele></trkpt>
      <trkpt lat="41.27044" lon="-77.33244"><ele>177.5</ele></trkpt>
      <trkpt lat="41.27061" lon="-77.33235"><ele>176.7</ele></trkpt>
      <trkpt lat="41.27063" lon="-77.33235"><ele>176.5</ele></trkpt>
      <trkpt lat="41.27078" lon="-77.33227"><ele>176.6</ele></trkpt>
      <trkpt lat="41.271" lon="-77.33217"><ele>179.3</ele></trkpt>
      <trkpt lat="41.27112" lon="-77.3321"><ele>178.7</ele></trkpt>
      <trkpt lat="41.27128" lon="-77.331999"><ele>179.0</ele></trkpt>
      <trkpt lat="41.27134" lon="-77.33196"><ele>179.7</ele></trkpt>
      <trkpt lat="41.27144" lon="-77.33189"><ele>179.6</ele></trkpt>
      <trkpt lat="41.2716" lon="-77.33177"><ele>179.6</ele></trkpt>
      <trkpt lat="41.27165" lon="-77.331729"><ele>178.4</ele></trkpt>
      <trkpt lat="41.27192" lon="-77.33149"><ele>180.5</ele></trkpt>
      <trkpt lat="41.272039" lon="-77.33137"><ele>181.1</ele></trkpt>
      <trkpt lat="41.27231" lon="-77.33109"><ele>182.0</ele></trkpt>
      <trkpt lat="41.27259" lon="-77.33075"><ele>182.6</ele></trkpt>
      <trkpt lat="41.2727" lon="-77.33062"><ele>184.5</ele></trkpt>
      <trkpt lat="41.27272" lon="-77.33058"><ele>184.9</ele></trkpt>
      <trkpt lat="41.27283" lon="-77.3304"><ele>185.6</ele></trkpt>
      <trkpt lat="41.27293" lon="-77.33023"><ele>185.6</ele></trkpt>
      <trkpt lat="41.27295" lon="-77.330209"><ele>185.7</ele></trkpt>
      <trkpt lat="41.273269" lon="-77.32964"><ele>185.4</ele></trkpt>
      <trkpt lat="41.27347" lon="-77.32928"><ele>185.3</ele></trkpt>
      <trkpt lat="41.27348" lon="-77.32925"><ele>185.2</ele></trkpt>
      <trkpt lat="41.27379" lon="-77.32866"><ele>184.8</ele></trkpt>
      <trkpt lat="41.27415" lon="-77.32795"><ele>185.0</ele></trkpt>
      <trkpt lat="41.27429" lon="-77.32767"><ele>185.0</ele></trkpt>
      <trkpt lat="41.2745" lon="-77.32727"><ele>185.0</ele></trkpt>
      <trkpt lat="41.2746" lon="-77.32708"><ele>185.0</ele></trkpt>
      <trkpt lat="41.2749" lon="-77.32648"><ele>184.9</ele></trkpt>
      <trkpt lat="41.275" lon="-77.32628"><ele>184.8</ele></trkpt>
      <trkpt lat="41.2751" lon="-77.32608"><ele>184.7</ele></trkpt>
      <trkpt lat="41.2752" lon="-77.32589"><ele>184.7</ele></trkpt>
      <trkpt lat="41.275329" lon="-77.32563"><ele>184.6</ele></trkpt>
      <trkpt lat="41.2755" lon="-77.32529"><ele>184.5</ele></trkpt>
      <trkpt lat="41.275799" lon="-77.32469"><ele>185.0</ele></trkpt>
      <trkpt lat="41.2762" lon="-77.3239"><ele>185.8</ele></trkpt>
      <trkpt lat="41.27632" lon="-77.32367"><ele>186.2</ele></trkpt>
      <trkpt lat="41.27661" lon="-77.32311"><ele>186.1</ele></trkpt>
      <trkpt lat="41.27697" lon="-77.3224"><ele>186.0</ele></trkpt>
      <trkpt lat="41.2771" lon="-77.32211"><ele>185.8</ele></trkpt>
      <trkpt lat="41.27715" lon="-77.322"><ele>185.7</ele></trkpt>
      <trkpt lat="41.27741" lon="-77.32156"><ele>185.3</ele></trkpt>
      <trkpt lat="41.27756" lon="-77.32137"><ele>185.0</ele></trkpt>
      <trkpt lat="41.277679" lon="-77.32123"><ele>184.9</ele></trkpt>
      <trkpt lat="41.27769" lon="-77.321209"><ele>184.8</ele></trkpt>
      <trkpt lat="41.27783" lon="-77.32106"><ele>184.6</ele></trkpt>
      <trkpt lat="41.27796" lon="-77.32091"><ele>184.4</ele></trkpt>
      <trkpt lat="41.27797" lon="-77.3209"><ele>184.4</ele></trkpt>
      <trkpt lat="41.27812" lon="-77.32077"><ele>184.9</ele></trkpt>
      <trkpt lat="41.27819" lon="-77.3207"><ele>185.1</ele></trkpt>
      <trkpt lat="41.27827" lon="-77.32064"><ele>185.3</ele></trkpt>
      <trkpt lat="41.27845" lon="-77.32051"><ele>185.3</ele></trkpt>
      <trkpt lat="41.27859" lon="-77.32043"><ele>185.3</ele></trkpt>
      <trkpt lat="41.27872" lon="-77.32035"><ele>185.0</ele></trkpt>
      <trkpt lat="41.27875" lon="-77.32033"><ele>184.9</ele></trkpt>
      <trkpt lat="41.27892" lon="-77.32025"><ele>185.1</ele></trkpt>
      <trkpt lat="41.279089" lon="-77.32017"><ele>185.2</ele></trkpt>
      <trkpt lat="41.279269" lon="-77.32011"><ele>185.6</ele></trkpt>
      <trkpt lat="41.2794" lon="-77.32007"><ele>185.8</ele></trkpt>
      <trkpt lat="41.27962" lon="-77.32002"><ele>185.5</ele></trkpt>
      <trkpt lat="41.279649" lon="-77.32002"><ele>185.4</ele></trkpt>
      <trkpt lat="41.2798" lon="-77.319999"><ele>184.7</ele></trkpt>
      <trkpt lat="41.27998" lon="-77.31999"><ele>184.0</ele></trkpt>
      <trkpt lat="41.28001" lon="-77.31998"><ele>183.8</ele></trkpt>
      <trkpt lat="41.28016" lon="-77.31999"><ele>183.5</ele></trkpt>
      <trkpt lat="41.28038" lon="-77.32001"><ele>183.2</ele></trkpt>
      <trkpt lat="41.2807" lon="-77.32005"><ele>182.9</ele></trkpt>
      <trkpt lat="41.28087" lon="-77.32011"><ele>182.8</ele></trkpt>
      <trkpt lat="41.28099" lon="-77.32015"><ele>182.7</ele></trkpt>
      <trkpt lat="41.28104" lon="-77.32017"><ele>182.7</ele></trkpt>
      <trkpt lat="41.28119" lon="-77.32024"><ele>182.7</ele></trkpt>
      <trkpt lat="41.28148" lon="-77.32037"><ele>182.7</ele></trkpt>
      <trkpt lat="41.28155" lon="-77.32042"><ele>182.6</ele></trkpt>
      <trkpt lat="41.28175" lon="-77.32056"><ele>182.7</ele></trkpt>
      <trkpt lat="41.28186" lon="-77.32065"><ele>182.7</ele></trkpt>
      <trkpt lat="41.28198" lon="-77.32074"><ele>182.7</ele></trkpt>
      <trkpt lat="41.28216" lon="-77.32092"><ele>182.7</ele></trkpt>
      <trkpt lat="41.28223" lon="-77.32098"><ele>182.7</ele></trkpt>
      <trkpt lat="41.28231" lon="-77.32106"><ele>182.6</ele></trkpt>
      <trkpt lat="41.28245" lon="-77.321209"><ele>182.6</ele></trkpt>
      <trkpt lat="41.2825" lon="-77.32128"><ele>182.6</ele></trkpt>
      <trkpt lat="41.28258" lon="-77.32138"><ele>182.6</ele></trkpt>
      <trkpt lat="41.28283" lon="-77.32172"><ele>182.8</ele></trkpt>
      <trkpt lat="41.28296" lon="-77.321879"><ele>182.8</ele></trkpt>
      <trkpt lat="41.28309" lon="-77.32205"><ele>182.9</ele></trkpt>
      <trkpt lat="41.283209" lon="-77.32222"><ele>183.0</ele></trkpt>
      <trkpt lat="41.28356" lon="-77.32269"><ele>183.2</ele></trkpt>
      <trkpt lat="41.283589" lon="-77.32273"><ele>183.2</ele></trkpt>
      <trkpt lat="41.28371" lon="-77.322909"><ele>183.3</ele></trkpt>
      <trkpt lat="41.28379" lon="-77.32302"><ele>183.5</ele></trkpt>
      <trkpt lat="41.28402" lon="-77.32342"><ele>184.4</ele></trkpt>
      <trkpt lat="41.28404" lon="-77.32348"><ele>184.5</ele></trkpt>
      <trkpt lat="41.28414" lon="-77.32368"><ele>184.6</ele></trkpt>
      <trkpt lat="41.28419" lon="-77.32379"><ele>184.5</ele></trkpt>
      <trkpt lat="41.28428" lon="-77.324119"><ele>184.5</ele></trkpt>
      <trkpt lat="41.28431" lon="-77.32423"><ele>184.5</ele></trkpt>
      <trkpt lat="41.28434" lon="-77.32434"><ele>184.5</ele></trkpt>
      <trkpt lat="41.2844" lon="-77.32457"><ele>184.7</ele></trkpt>
      <trkpt lat="41.2844" lon="-77.32458"><ele>184.7</ele></trkpt>
      <trkpt lat="41.28448" lon="-77.32491"><ele>185.6</ele></trkpt>
      <trkpt lat="41.284529" lon="-77.32527"><ele>186.3</ele></trkpt>
      <trkpt lat="41.284529" lon="-77.32529"><ele>186.4</ele></trkpt>
      <trkpt lat="41.28456" lon="-77.32574"><ele>186.7</ele></trkpt>
      <trkpt lat="41.28456" lon="-77.32577"><ele>186.7</ele></trkpt>
      <trkpt lat="41.28455" lon="-77.32598"><ele>186.5</ele></trkpt>
      <trkpt lat="41.28454" lon="-77.32619"><ele>186.2</ele></trkpt>
      <trkpt lat="41.28452" lon="-77.32646"><ele>186.0</ele></trkpt>
      <trkpt lat="41.28452" lon="-77.32648"><ele>186.0</ele></trkpt>
      <trkpt lat="41.28449" lon="-77.32669"><ele>185.8</ele></trkpt>
      <trkpt lat="41.28447" lon="-77.32682"><ele>185.8</ele></trkpt>
      <trkpt lat="41.28439" lon="-77.32717"><ele>185.5</ele></trkpt>
      <trkpt lat="41.28413" lon="-77.32804"><ele>185.0</ele></trkpt>
      <trkpt lat="41.28413" lon="-77.32805"><ele>185.0</ele></trkpt>
      <trkpt lat="41.284059" lon="-77.32827"><ele>185.0</ele></trkpt>
      <trkpt lat="41.28399" lon="-77.32849"><ele>185.1</ele></trkpt>
      <trkpt lat="41.28393" lon="-77.32871"><ele>185.4</ele></trkpt>
      <trkpt lat="41.28386" lon="-77.32893"><ele>185.5</ele></trkpt>
      <trkpt lat="41.28373" lon="-77.32938"><ele>186.1</ele></trkpt>
      <trkpt lat="41.28362" lon="-77.32973"><ele>186.5</ele></trkpt>
      <trkpt lat="41.283589" lon="-77.32982"><ele>186.6</ele></trkpt>
      <trkpt lat="41.28352" lon="-77.33004"><ele>186.7</ele></trkpt>
      <trkpt lat="41.28331" lon="-77.33074"><ele>186.4</ele></trkpt>
      <trkpt lat="41.2832" lon="-77.33116"><ele>186.3</ele></trkpt>
      <trkpt lat="41.28316" lon="-77.33133"><ele>186.3</ele></trkpt>
      <trkpt lat="41.28307" lon="-77.33176"><ele>186.7</ele></trkpt>
      <trkpt lat="41.28305" lon="-77.33185"><ele>186.9</ele></trkpt>
      <trkpt lat="41.28299" lon="-77.33235"><ele>187.8</ele></trkpt>
      <trkpt lat="41.28298" lon="-77.33277"><ele>187.5</ele></trkpt>
      <trkpt lat="41.28298" lon="-77.3328"><ele>187.4</ele></trkpt>
      <trkpt lat="41.28298" lon="-77.33314"><ele>187.2</ele></trkpt>
      <trkpt lat="41.283" lon="-77.33354"><ele>187.2</ele></trkpt>
      <trkpt lat="41.283029" lon="-77.33375"><ele>187.3</ele></trkpt>
      <trkpt lat="41.28305" lon="-77.33396"><ele>187.3</ele></trkpt>
      <trkpt lat="41.28314" lon="-77.33444"><ele>187.3</ele></trkpt>
      <trkpt lat="41.28332" lon="-77.334999"><ele>187.6</ele></trkpt>
      <trkpt lat="41.28336" lon="-77.33511"><ele>187.6</ele></trkpt>
      <trkpt lat="41.28344" lon="-77.33533"><ele>187.7</ele></trkpt>
      <trkpt lat="41.28352" lon="-77.33554"><ele>187.8</ele></trkpt>
      <trkpt lat="41.28371" lon="-77.33596"><ele>187.8</ele></trkpt>
      <trkpt lat="41.2838" lon="-77.33616"><ele>187.8</ele></trkpt>
      <trkpt lat="41.28389" lon="-77.33636"><ele>187.8</ele></trkpt>
      <trkpt lat="41.28389" lon="-77.33638"><ele>187.7</ele></trkpt>
      <trkpt lat="41.2841" lon="-77.33674"><ele>187.9</ele></trkpt>
      <trkpt lat="41.28421" lon="-77.33693"><ele>187.8</ele></trkpt>
      <trkpt lat="41.28433" lon="-77.33712"><ele>187.8</ele></trkpt>
      <trkpt lat="41.28433" lon="-77.33713"><ele>187.8</ele></trkpt>
      <trkpt lat="41.2845" lon="-77.33736"><ele>188.0</ele></trkpt>
      <trkpt lat="41.2846" lon="-77.33748"><ele>188.7</ele></trkpt>
      <trkpt lat="41.28486" lon="-77.337819"><ele>189.2</ele></trkpt>
      <trkpt lat="41.28503" lon="-77.337999"><ele>189.7</ele></trkpt>
      <trkpt lat="41.28517" lon="-77.33816"><ele>189.6</ele></trkpt>
      <trkpt lat="41.28531" lon="-77.3383"><ele>190.0</ele></trkpt>
      <trkpt lat="41.28546" lon="-77.33844"><ele>190.1</ele></trkpt>
      <trkpt lat="41.28573" lon="-77.33869"><ele>190.2</ele></trkpt>
      <trkpt lat="41.28608" lon="-77.33895"><ele>191.1</ele></trkpt>
      <trkpt lat="41.28623" lon="-77.33905"><ele>191.7</ele></trkpt>
      <trkpt lat="41.28639" lon="-77.33916"><ele>192.1</ele></trkpt>
      <trkpt lat="41.28651" lon="-77.33925"><ele>191.6</ele></trkpt>
      <trkpt lat="41.286879" lon="-77.33946"><ele>191.2</ele></trkpt>
      <trkpt lat="41.28705" lon="-77.33953"><ele>191.8</ele></trkpt>
      <trkpt lat="41.28732" lon="-77.33964"><ele>191.9</ele></trkpt>
      <trkpt lat="41.28774" lon="-77.339789"><ele>193.9</ele></trkpt>
      <trkpt lat="41.2884" lon="-77.34002"><ele>192.2</ele></trkpt>
      <trkpt lat="41.28844" lon="-77.34004"><ele>191.9</ele></trkpt>
      <trkpt lat="41.28913" lon="-77.3403"><ele>190.4</ele></trkpt>
      <trkpt lat="41.2893" lon="-77.34036"><ele>191.2</ele></trkpt>
      <trkpt lat="41.28952" lon="-77.34044"><ele>192.0</ele></trkpt>
      <trkpt lat="41.28983" lon="-77.34054"><ele>193.0</ele></trkpt>
      <trkpt lat="41.29" lon="-77.3406"><ele>192.9</ele></trkpt>
      <trkpt lat="41.29005" lon="-77.34062"><ele>192.4</ele></trkpt>
      <trkpt lat="41.29052" lon="-77.34078"><ele>191.1</ele></trkpt>
      <trkpt lat="41.2907" lon="-77.34084"><ele>191.6</ele></trkpt>
      <trkpt lat="41.29096" lon="-77.34095"><ele>191.8</ele></trkpt>
      <trkpt lat="41.29121" lon="-77.34105"><ele>192.1</ele></trkpt>
      <trkpt lat="41.29155" lon="-77.3412"><ele>188.4</ele></trkpt>
      <trkpt lat="41.29173" lon="-77.34127"><ele>188.0</ele></trkpt>
      <trkpt lat="41.29199" lon="-77.34139"><ele>187.2</ele></trkpt>
      <trkpt lat="41.29258" lon="-77.34165"><ele>186.5</ele></trkpt>
      <trkpt lat="41.29268" lon="-77.34169"><ele>186.1</ele></trkpt>
      <trkpt lat="41.29309" lon="-77.34188"><ele>186.1</ele></trkpt>
      <trkpt lat="41.29348" lon="-77.34206"><ele>185.8</ele></trkpt>
      <trkpt lat="41.2936" lon="-77.34211"><ele>185.2</ele></trkpt>
      <trkpt lat="41.29377" lon="-77.34219"><ele>185.2</ele></trkpt>
      <trkpt lat="41.29409" lon="-77.34233"><ele>186.6</ele></trkpt>
      <trkpt lat="41.29411" lon="-77.342339"><ele>186.7</ele></trkpt>
      <trkpt lat="41.29428" lon="-77.34242"><ele>186.9</ele></trkpt>
      <trkpt lat="41.29445" lon="-77.3425"><ele>186.3</ele></trkpt>
      <trkpt lat="41.29459" lon="-77.34256"><ele>186.2</ele></trkpt>
      <trkpt lat="41.29496" lon="-77.34275"><ele>185.4</ele></trkpt>
      <trkpt lat="41.29505" lon="-77.342789"><ele>185.5</ele></trkpt>
      <trkpt lat="41.29529" lon="-77.34293"><ele>186.2</ele></trkpt>
      <trkpt lat="41.295789" lon="-77.3432"><ele>188.8</ele></trkpt>
      <trkpt lat="41.29602" lon="-77.34332"><ele>190.6</ele></trkpt>
      <trkpt lat="41.29645" lon="-77.34357"><ele>191.7</ele></trkpt>
      <trkpt lat="41.29661" lon="-77.34366"><ele>192.8</ele></trkpt>
      <trkpt lat="41.29662" lon="-77.34367"><ele>192.8</ele></trkpt>
      <trkpt lat="41.29692" lon="-77.34387"><ele>192.8</ele></trkpt>
      <trkpt lat="41.29694" lon="-77.34388"><ele>192.8</ele></trkpt>
      <trkpt lat="41.297199" lon="-77.34406"><ele>192.2</ele></trkpt>
      <trkpt lat="41.29736" lon="-77.34419"><ele>191.9</ele></trkpt>
      <trkpt lat="41.29741" lon="-77.34424"><ele>191.9</ele></trkpt>
      <trkpt lat="41.29756" lon="-77.34437"><ele>193.1</ele></trkpt>
      <trkpt lat="41.29771" lon="-77.3445"><ele>194.1</ele></trkpt>
      <trkpt lat="41.29774" lon="-77.34453"><ele>194.2</ele></trkpt>
      <trkpt lat="41.297849" lon="-77.34465"><ele>194.4</ele></trkpt>
      <trkpt lat="41.29793" lon="-77.34472"><ele>195.5</ele></trkpt>
      <trkpt lat="41.29815" lon="-77.34499"><ele>193.8</ele></trkpt>
      <trkpt lat="41.29826" lon="-77.34512"><ele>192.2</ele></trkpt>
      <trkpt lat="41.29849" lon="-77.34541"><ele>189.3</ele></trkpt>
      <trkpt lat="41.29852" lon="-77.34545"><ele>188.9</ele></trkpt>
      <trkpt lat="41.298879" lon="-77.3459"><ele>190.0</ele></trkpt>
      <trkpt lat="41.29891" lon="-77.34594"><ele>190.2</ele></trkpt>
      <trkpt lat="41.299349" lon="-77.34651"><ele>188.3</ele></trkpt>
      <trkpt lat="41.29943" lon="-77.34661"><ele>187.7</ele></trkpt>
      <trkpt lat="41.29981" lon="-77.34711"><ele>186.3</ele></trkpt>
      <trkpt lat="41.29994" lon="-77.34728"><ele>187.1</ele></trkpt>
      <trkpt lat="41.29997" lon="-77.34733"><ele>187.1</ele></trkpt>
      <trkpt lat="41.30006" lon="-77.34745"><ele>187.3</ele></trkpt>
      <trkpt lat="41.30044" lon="-77.34796"><ele>187.3</ele></trkpt>
      <trkpt lat="41.30054" lon="-77.34809"><ele>187.4</ele></trkpt>
      <trkpt lat="41.30083" lon="-77.34846"><ele>187.5</ele></trkpt>
      <trkpt lat="41.30122" lon="-77.34896"><ele>189.2</ele></trkpt>
      <trkpt lat="41.30134" lon="-77.34912"><ele>189.9</ele></trkpt>
      <trkpt lat="41.30135" lon="-77.34913"><ele>190.1</ele></trkpt>
      <trkpt lat="41.30148" lon="-77.34929"><ele>191.1</ele></trkpt>
      <trkpt lat="41.30186" lon="-77.3498"><ele>195.0</ele></trkpt>
      <trkpt lat="41.30196" lon="-77.34994"><ele>194.9</ele></trkpt>
      <trkpt lat="41.30199" lon="-77.34997"><ele>195.1</ele></trkpt>
      <trkpt lat="41.30211" lon="-77.35014"><ele>194.6</ele></trkpt>
      <trkpt lat="41.30262" lon="-77.35082"><ele>191.2</ele></trkpt>
      <trkpt lat="41.3028" lon="-77.35105"><ele>191.7</ele></trkpt>
      <trkpt lat="41.30288" lon="-77.35115"><ele>192.5</ele></trkpt>
      <trkpt lat="41.30313" lon="-77.35149"><ele>196.2</ele></trkpt>
      <trkpt lat="41.30351" lon="-77.352"><ele>196.4</ele></trkpt>
      <trkpt lat="41.30354" lon="-77.35204"><ele>196.2</ele></trkpt>
      <trkpt lat="41.30364" lon="-77.35217"><ele>195.6</ele></trkpt>
      <trkpt lat="41.30377" lon="-77.35234"><ele>194.2</ele></trkpt>
      <trkpt lat="41.3039" lon="-77.35251"><ele>192.5</ele></trkpt>
      <trkpt lat="41.30403" lon="-77.35267"><ele>191.9</ele></trkpt>
      <trkpt lat="41.30407" lon="-77.352729"><ele>191.6</ele></trkpt>
      <trkpt lat="41.30428" lon="-77.35301"><ele>194.2</ele></trkpt>
      <trkpt lat="41.30441" lon="-77.35318"><ele>197.0</ele></trkpt>
      <trkpt lat="41.30454" lon="-77.35335"><ele>198.6</ele></trkpt>
      <trkpt lat="41.30489" lon="-77.35383"><ele>196.8</ele></trkpt>
      <trkpt lat="41.30518" lon="-77.35419"><ele>195.5</ele></trkpt>
      <trkpt lat="41.30548" lon="-77.35457"><ele>194.0</ele></trkpt>
      <trkpt lat="41.30569" lon="-77.35486"><ele>194.3</ele></trkpt>
      <trkpt lat="41.30582" lon="-77.35503"><ele>194.5</ele></trkpt>
      <trkpt lat="41.306199" lon="-77.35554"><ele>194.8</ele></trkpt>
      <trkpt lat="41.30634" lon="-77.35574"><ele>194.7</ele></trkpt>
      <trkpt lat="41.3067" lon="-77.356219"><ele>193.8</ele></trkpt>
      <trkpt lat="41.3068" lon="-77.35634"><ele>193.7</ele></trkpt>
      <trkpt lat="41.30709" lon="-77.35673"><ele>194.1</ele></trkpt>
      <trkpt lat="41.30721" lon="-77.3569"><ele>194.4</ele></trkpt>
      <trkpt lat="41.30734" lon="-77.35706"><ele>194.8</ele></trkpt>
      <trkpt lat="41.3076" lon="-77.3574"><ele>195.0</ele></trkpt>
      <trkpt lat="41.30766" lon="-77.35748"><ele>195.1</ele></trkpt>
      <trkpt lat="41.30772" lon="-77.35757"><ele>195.1</ele></trkpt>
      <trkpt lat="41.30784" lon="-77.35775"><ele>194.9</ele></trkpt>
      <trkpt lat="41.30793" lon="-77.35788"><ele>194.9</ele></trkpt>
      <trkpt lat="41.30795" lon="-77.35794"><ele>194.5</ele></trkpt>
      <trkpt lat="41.30805" lon="-77.35814"><ele>193.6</ele></trkpt>
      <trkpt lat="41.30812" lon="-77.35829"><ele>193.1</ele></trkpt>
      <trkpt lat="41.30828" lon="-77.35857"><ele>192.4</ele></trkpt>
      <trkpt lat="41.30843" lon="-77.35896"><ele>191.4</ele></trkpt>
      <trkpt lat="41.30844" lon="-77.35898"><ele>191.4</ele></trkpt>
      <trkpt lat="41.3085" lon="-77.35917"><ele>191.2</ele></trkpt>
      <trkpt lat="41.30857" lon="-77.35939"><ele>191.2</ele></trkpt>
      <trkpt lat="41.30859" lon="-77.35942"><ele>191.2</ele></trkpt>
      <trkpt lat="41.308639" lon="-77.35962"><ele>190.9</ele></trkpt>
      <trkpt lat="41.30872" lon="-77.35994"><ele>190.5</ele></trkpt>
      <trkpt lat="41.3088" lon="-77.3603"><ele>189.1</ele></trkpt>
      <trkpt lat="41.30882" lon="-77.36036"><ele>188.9</ele></trkpt>
      <trkpt lat="41.30894" lon="-77.36102"><ele>188.8</ele></trkpt>
      <trkpt lat="41.30896" lon="-77.36123"><ele>188.8</ele></trkpt>
      <trkpt lat="41.30896" lon="-77.36123"><ele>188.8</ele></trkpt>
      <trkpt lat="41.30909" lon="-77.36125"><ele>188.8</ele></trkpt>
      <trkpt lat="41.30922" lon="-77.361279"><ele>188.7</ele></trkpt>
      <trkpt lat="41.30926" lon="-77.36129"><ele>188.7</ele></trkpt>
      <trkpt lat="41.3095" lon="-77.36132"><ele>188.5</ele></trkpt>
      <trkpt lat="41.30959" lon="-77.36133"><ele>188.5</ele></trkpt>
      <trkpt lat="41.30962" lon="-77.36134"><ele>188.5</ele></trkpt>
      <trkpt lat="41.30978" lon="-77.36136"><ele>188.6</ele></trkpt>
      <trkpt lat="41.30978" lon="-77.36136"><ele>188.6</ele></trkpt>
      <trkpt lat="41.30975" lon="-77.36177"><ele>188.1</ele></trkpt>
      <trkpt lat="41.30973" lon="-77.36207"><ele>187.8</ele></trkpt>
      <trkpt lat="41.30972" lon="-77.36233"><ele>188.4</ele></trkpt>
      <trkpt lat="41.30972" lon="-77.36256"><ele>189.0</ele></trkpt>
      <trkpt lat="41.30972" lon="-77.36273"><ele>189.5</ele></trkpt>
      <trkpt lat="41.30972" lon="-77.36275"><ele>189.5</ele></trkpt>
      <trkpt lat="41.30973" lon="-77.3629"><ele>189.9</ele></trkpt>
      <trkpt lat="41.30973" lon="-77.36299"><ele>190.2</ele></trkpt>
      <trkpt lat="41.30974" lon="-77.36306"><ele>190.3</ele></trkpt>
      <trkpt lat="41.30975" lon="-77.36323"><ele>190.8</ele></trkpt>
      <trkpt lat="41.30975" lon="-77.36323"><ele>190.8</ele></trkpt>
      <trkpt lat="41.30991" lon="-77.36323"><ele>191.4</ele></trkpt>
      <trkpt lat="41.31009" lon="-77.36322"><ele>191.9</ele></trkpt>
      <trkpt lat="41.31015" lon="-77.36322"><ele>192.2</ele></trkpt>
      <trkpt lat="41.31027" lon="-77.36323"><ele>193.0</ele></trkpt>
      <trkpt lat="41.31063" lon="-77.36324"><ele>197.9</ele></trkpt>
      <trkpt lat="41.31076" lon="-77.36324"><ele>198.0</ele></trkpt>
      <trkpt lat="41.310809" lon="-77.36324"><ele>198.1</ele></trkpt>
      <trkpt lat="41.310989" lon="-77.363249"><ele>198.3</ele></trkpt>
      <trkpt lat="41.31117" lon="-77.363249"><ele>198.4</ele></trkpt>
      <trkpt lat="41.31153" lon="-77.363249"><ele>198.7</ele></trkpt>
      <trkpt lat="41.31189" lon="-77.363249"><ele>198.8</ele></trkpt>
      <trkpt lat="41.31242" lon="-77.363249"><ele>198.5</ele></trkpt>
      <trkpt lat="41.31244" lon="-77.363249"><ele>198.5</ele></trkpt>
      <trkpt lat="41.31266" lon="-77.36327"><ele>198.2</ele></trkpt>
      <trkpt lat="41.31297" lon="-77.36332"><ele>198.2</ele></trkpt>
      <trkpt lat="41.31314" lon="-77.36336"><ele>198.1</ele></trkpt>
      <trkpt lat="41.31316" lon="-77.36337"><ele>198.1</ele></trkpt>
      <trkpt lat="41.31329" lon="-77.36342"><ele>198.3</ele></trkpt>
      <trkpt lat="41.31331" lon="-77.36342"><ele>198.3</ele></trkpt>
      <trkpt lat="41.31348" lon="-77.36349"><ele>199.9</ele></trkpt>
      <trkpt lat="41.31413" lon="-77.36376"><ele>204.1</ele></trkpt>
      <trkpt lat="41.31452" lon="-77.3639"><ele>204.5</ele></trkpt>
      <trkpt lat="41.31504" lon="-77.36407"><ele>204.6</ele></trkpt>
      <trkpt lat="41.3153" lon="-77.36415"><ele>205.0</ele></trkpt>
      <trkpt lat="41.31574" lon="-77.36427"><ele>206.8</ele></trkpt>
      <trkpt lat="41.31592" lon="-77.36432"><ele>209.8</ele></trkpt>
      <trkpt lat="41.31616" lon="-77.36438"><ele>210.2</ele></trkpt>
      <trkpt lat="41.316429" lon="-77.36442"><ele>210.6</ele></trkpt>
      <trkpt lat="41.31646" lon="-77.36443"><ele>210.8</ele></trkpt>
      <trkpt lat="41.316989" lon="-77.36455"><ele>217.7</ele></trkpt>
      <trkpt lat="41.31742" lon="-77.36465"><ele>213.6</ele></trkpt>
      <trkpt lat="41.31752" lon="-77.36466"><ele>216.7</ele></trkpt>
      <trkpt lat="41.3177" lon="-77.36469"><ele>220.7</ele></trkpt>
      <trkpt lat="41.31821" lon="-77.36478"><ele>224.7</ele></trkpt>
      <trkpt lat="41.31823" lon="-77.36478"><ele>224.7</ele></trkpt>
      <trkpt lat="41.31841" lon="-77.36482"><ele>225.2</ele></trkpt>
      <trkpt lat="41.31859" lon="-77.36485"><ele>225.8</ele></trkpt>
      <trkpt lat="41.3188" lon="-77.36488"><ele>227.2</ele></trkpt>
      <trkpt lat="41.31931" lon="-77.36491"><ele>231.5</ele></trkpt>
      <trkpt lat="41.31935" lon="-77.36492"><ele>232.2</ele></trkpt>
      <trkpt lat="41.31949" lon="-77.36493"><ele>232.2</ele></trkpt>
      <trkpt lat="41.31967" lon="-77.364949"><ele>232.1</ele></trkpt>
      <trkpt lat="41.31994" lon="-77.36499"><ele>227.1</ele></trkpt>
      <trkpt lat="41.32018" lon="-77.365"><ele>226.4</ele></trkpt>
      <trkpt lat="41.32093" lon="-77.36502"><ele>224.9</ele></trkpt>
      <trkpt lat="41.3211" lon="-77.365039"><ele>224.9</ele></trkpt>
      <trkpt lat="41.32114" lon="-77.365039"><ele>224.5</ele></trkpt>
      <trkpt lat="41.32136" lon="-77.36508"><ele>224.2</ele></trkpt>
      <trkpt lat="41.32156" lon="-77.365129"><ele>223.2</ele></trkpt>
      <trkpt lat="41.32172" lon="-77.36518"><ele>221.0</ele></trkpt>
      <trkpt lat="41.32181" lon="-77.3652"><ele>218.0</ele></trkpt>
      <trkpt lat="41.32183" lon="-77.3652"><ele>217.3</ele></trkpt>
      <trkpt lat="41.3219" lon="-77.36521"><ele>215.0</ele></trkpt>
      <trkpt lat="41.32198" lon="-77.36521"><ele>212.8</ele></trkpt>
      <trkpt lat="41.32202" lon="-77.3652"><ele>212.0</ele></trkpt>
      <trkpt lat="41.32211" lon="-77.36518"><ele>213.7</ele></trkpt>
      <trkpt lat="41.32229" lon="-77.36512"><ele>217.3</ele></trkpt>
      <trkpt lat="41.322339" lon="-77.36509"><ele>217.2</ele></trkpt>
      <trkpt lat="41.32267" lon="-77.36491"><ele>217.5</ele></trkpt>
      <trkpt lat="41.32334" lon="-77.36455"><ele>216.5</ele></trkpt>
      <trkpt lat="41.32337" lon="-77.36454"><ele>216.5</ele></trkpt>
      <trkpt lat="41.32358" lon="-77.36441"><ele>212.1</ele></trkpt>
      <trkpt lat="41.323659" lon="-77.36435"><ele>210.9</ele></trkpt>
      <trkpt lat="41.32374" lon="-77.36429"><ele>210.6</ele></trkpt>
      <trkpt lat="41.3239" lon="-77.36416"><ele>210.3</ele></trkpt>
      <trkpt lat="41.32397" lon="-77.364099"><ele>210.2</ele></trkpt>
      <trkpt lat="41.32444" lon="-77.36374"><ele>207.5</ele></trkpt>
      <trkpt lat="41.32459" lon="-77.36362"><ele>207.0</ele></trkpt>
      <trkpt lat="41.3247" lon="-77.36353"><ele>207.5</ele></trkpt>
      <trkpt lat="41.325069" lon="-77.36327"><ele>208.9</ele></trkpt>
      <trkpt lat="41.32547" lon="-77.36296"><ele>209.8</ele></trkpt>
      <trkpt lat="41.3255" lon="-77.36294"><ele>209.9</ele></trkpt>
      <trkpt lat="41.32578" lon="-77.36272"><ele>211.0</ele></trkpt>
      <trkpt lat="41.32583" lon="-77.36268"><ele>211.8</ele></trkpt>
      <trkpt lat="41.32594" lon="-77.3626"><ele>213.9</ele></trkpt>
      <trkpt lat="41.32656" lon="-77.36211"><ele>221.3</ele></trkpt>
      <trkpt lat="41.32671" lon="-77.36199"><ele>222.4</ele></trkpt>
      <trkpt lat="41.32718" lon="-77.36163"><ele>222.3</ele></trkpt>
      <trkpt lat="41.32721" lon="-77.3616"><ele>222.5</ele></trkpt>
      <trkpt lat="41.32749" lon="-77.36138"><ele>224.1</ele></trkpt>
      <trkpt lat="41.32764" lon="-77.36125"><ele>223.8</ele></trkpt>
      <trkpt lat="41.32779" lon="-77.36113"><ele>223.7</ele></trkpt>
      <trkpt lat="41.32795" lon="-77.361"><ele>223.6</ele></trkpt>
      <trkpt lat="41.32801" lon="-77.36095"><ele>223.5</ele></trkpt>
      <trkpt lat="41.32824" lon="-77.36077"><ele>223.3</ele></trkpt>
      <trkpt lat="41.32857" lon="-77.36053"><ele>223.4</ele></trkpt>
      <trkpt lat="41.32873" lon="-77.36041"><ele>223.2</ele></trkpt>
      <trkpt lat="41.32889" lon="-77.3603"><ele>223.0</ele></trkpt>
      <trkpt lat="41.32899" lon="-77.36022"><ele>222.8</ele></trkpt>
      <trkpt lat="41.3292" lon="-77.36008"><ele>222.5</ele></trkpt>
      <trkpt lat="41.32937" lon="-77.359979"><ele>222.3</ele></trkpt>
      <trkpt lat="41.32942" lon="-77.35995"><ele>222.2</ele></trkpt>
      <trkpt lat="41.32954" lon="-77.3599"><ele>222.0</ele></trkpt>
      <trkpt lat="41.32963" lon="-77.35985"><ele>221.8</ele></trkpt>
      <trkpt lat="41.32971" lon="-77.35982"><ele>221.6</ele></trkpt>
      <trkpt lat="41.32978" lon="-77.35979"><ele>221.5</ele></trkpt>
      <trkpt lat="41.32989" lon="-77.35977"><ele>221.5</ele></trkpt>
      <trkpt lat="41.33003" lon="-77.35975"><ele>221.5</ele></trkpt>
      <trkpt lat="41.33006" lon="-77.35975"><ele>221.5</ele></trkpt>
      <trkpt lat="41.33024" lon="-77.35975"><ele>221.7</ele></trkpt>
      <trkpt lat="41.33028" lon="-77.35974"><ele>221.6</ele></trkpt>
      <trkpt lat="41.33041" lon="-77.35975"><ele>221.6</ele></trkpt>
      <trkpt lat="41.330419" lon="-77.35975"><ele>221.6</ele></trkpt>
      <trkpt lat="41.33062" lon="-77.35978"><ele>221.5</ele></trkpt>
      <trkpt lat="41.33078" lon="-77.35982"><ele>220.2</ele></trkpt>
      <trkpt lat="41.33084" lon="-77.35984"><ele>219.2</ele></trkpt>
      <trkpt lat="41.33093" lon="-77.35986"><ele>217.9</ele></trkpt>
      <trkpt lat="41.33113" lon="-77.35994"><ele>216.6</ele></trkpt>
      <trkpt lat="41.33129" lon="-77.36002"><ele>214.7</ele></trkpt>
      <trkpt lat="41.3313" lon="-77.36002"><ele>214.5</ele></trkpt>
      <trkpt lat="41.33146" lon="-77.36013"><ele>211.5</ele></trkpt>
      <trkpt lat="41.33152" lon="-77.36017"><ele>211.2</ele></trkpt>
      <trkpt lat="41.33162" lon="-77.36022"><ele>211.5</ele></trkpt>
      <trkpt lat="41.33182" lon="-77.36033"><ele>214.3</ele></trkpt>
      <trkpt lat="41.33191" lon="-77.36039"><ele>214.8</ele></trkpt>
      <trkpt lat="41.33221" lon="-77.3606"><ele>214.8</ele></trkpt>
      <trkpt lat="41.332389" lon="-77.36071"><ele>215.5</ele></trkpt>
      <trkpt lat="41.33281" lon="-77.36099"><ele>216.4</ele></trkpt>
      <trkpt lat="41.33303" lon="-77.36114"><ele>216.4</ele></trkpt>
      <trkpt lat="41.333509" lon="-77.361459"><ele>215.5</ele></trkpt>
      <trkpt lat="41.33356" lon="-77.36149"><ele>215.3</ele></trkpt>
      <trkpt lat="41.33367" lon="-77.36159"><ele>215.2</ele></trkpt>
      <trkpt lat="41.33378" lon="-77.3617"><ele>215.1</ele></trkpt>
      <trkpt lat="41.33381" lon="-77.36173"><ele>215.1</ele></trkpt>
      <trkpt lat="41.334359" lon="-77.36225"><ele>214.5</ele></trkpt>
      <trkpt lat="41.33455" lon="-77.36241"><ele>213.9</ele></trkpt>
      <trkpt lat="41.3347" lon="-77.36254"><ele>213.7</ele></trkpt>
      <trkpt lat="41.33476" lon="-77.36259"><ele>213.7</ele></trkpt>
      <trkpt lat="41.33496" lon="-77.362799"><ele>215.8</ele></trkpt>
      <trkpt lat="41.33508" lon="-77.36295"><ele>217.0</ele></trkpt>
      <trkpt lat="41.33512" lon="-77.363"><ele>217.5</ele></trkpt>
      <trkpt lat="41.33518" lon="-77.36308"><ele>219.0</ele></trkpt>
      <trkpt lat="41.33524" lon="-77.36317"><ele>220.4</ele></trkpt>
      <trkpt lat="41.33566" lon="-77.36375"><ele>227.9</ele></trkpt>
      <trkpt lat="41.33574" lon="-77.36387"><ele>228.7</ele></trkpt>
      <trkpt lat="41.3361" lon="-77.3644"><ele>230.0</ele></trkpt>
      <trkpt lat="41.33619" lon="-77.36454"><ele>231.1</ele></trkpt>
      <trkpt lat="41.33622" lon="-77.36458"><ele>230.7</ele></trkpt>
      <trkpt lat="41.33646" lon="-77.36493"><ele>230.8</ele></trkpt>
      <trkpt lat="41.336709" lon="-77.36528"><ele>227.2</ele></trkpt>
      <trkpt lat="41.33674" lon="-77.36532"><ele>227.1</ele></trkpt>
      <trkpt lat="41.33683" lon="-77.36545"><ele>226.7</ele></trkpt>
      <trkpt lat="41.33734" lon="-77.36613"><ele>228.2</ele></trkpt>
      <trkpt lat="41.33759" lon="-77.36648"><ele>232.2</ele></trkpt>
      <trkpt lat="41.33764" lon="-77.36654"><ele>232.0</ele></trkpt>
      <trkpt lat="41.33771" lon="-77.36665"><ele>231.9</ele></trkpt>
      <trkpt lat="41.33775" lon="-77.3667"><ele>231.5</ele></trkpt>
      <trkpt lat="41.33784" lon="-77.36682"><ele>231.8</ele></trkpt>
      <trkpt lat="41.33788" lon="-77.36687"><ele>232.4</ele></trkpt>
      <trkpt lat="41.33798" lon="-77.36697"><ele>233.2</ele></trkpt>
      <trkpt lat="41.338" lon="-77.367"><ele>233.6</ele></trkpt>
      <trkpt lat="41.33809" lon="-77.36708"><ele>233.8</ele></trkpt>
      <trkpt lat="41.33813" lon="-77.36711"><ele>233.7</ele></trkpt>
      <trkpt lat="41.33832" lon="-77.36726"><ele>232.0</ele></trkpt>
      <trkpt lat="41.33842" lon="-77.36732"><ele>230.2</ele></trkpt>
      <trkpt lat="41.33882" lon="-77.36753"><ele>227.6</ele></trkpt>
      <trkpt lat="41.33897" lon="-77.36761"><ele>227.3</ele></trkpt>
      <trkpt lat="41.33911" lon="-77.367679"><ele>227.7</ele></trkpt>
      <trkpt lat="41.33912" lon="-77.367679"><ele>227.5</ele></trkpt>
      <trkpt lat="41.33923" lon="-77.36773"><ele>227.1</ele></trkpt>
      <trkpt lat="41.33959" lon="-77.36785"><ele>221.9</ele></trkpt>
      <trkpt lat="41.33999" lon="-77.36794"><ele>222.3</ele></trkpt>
      <trkpt lat="41.34013" lon="-77.36797"><ele>222.9</ele></trkpt>
      <trkpt lat="41.34031" lon="-77.36798"><ele>222.9</ele></trkpt>
      <trkpt lat="41.34053" lon="-77.36797"><ele>222.1</ele></trkpt>
      <trkpt lat="41.34076" lon="-77.367949"><ele>221.0</ele></trkpt>
      <trkpt lat="41.34087" lon="-77.36792"><ele>220.0</ele></trkpt>
      <trkpt lat="41.34089" lon="-77.36792"><ele>220.1</ele></trkpt>
      <trkpt lat="41.34097" lon="-77.36791"><ele>220.1</ele></trkpt>
      <trkpt lat="41.3412" lon="-77.367859"><ele>220.4</ele></trkpt>
      <trkpt lat="41.34136" lon="-77.3678"><ele>219.8</ele></trkpt>
      <trkpt lat="41.34151" lon="-77.36774"><ele>218.2</ele></trkpt>
      <trkpt lat="41.34158" lon="-77.3677"><ele>216.9</ele></trkpt>
      <trkpt lat="41.34175" lon="-77.36762"><ele>216.2</ele></trkpt>
      <trkpt lat="41.34176" lon="-77.36761"><ele>216.1</ele></trkpt>
      <trkpt lat="41.34194" lon="-77.36748"><ele>215.9</ele></trkpt>
      <trkpt lat="41.34205" lon="-77.36739"><ele>215.3</ele></trkpt>
      <trkpt lat="41.34221" lon="-77.36724"><ele>213.3</ele></trkpt>
      <trkpt lat="41.34231" lon="-77.36715"><ele>211.5</ele></trkpt>
      <trkpt lat="41.34238" lon="-77.36708"><ele>211.7</ele></trkpt>
      <trkpt lat="41.34258" lon="-77.36688"><ele>217.2</ele></trkpt>
      <trkpt lat="41.34261" lon="-77.36685"><ele>218.1</ele></trkpt>
      <trkpt lat="41.34276" lon="-77.36667"><ele>221.4</ele></trkpt>
      <trkpt lat="41.34286" lon="-77.36652"><ele>221.7</ele></trkpt>
      <trkpt lat="41.34297" lon="-77.36631"><ele>220.2</ele></trkpt>
      <trkpt lat="41.34303" lon="-77.36619"><ele>217.3</ele></trkpt>
      <trkpt lat="41.34322" lon="-77.365799"><ele>210.3</ele></trkpt>
      <trkpt lat="41.34326" lon="-77.36571"><ele>209.9</ele></trkpt>
      <trkpt lat="41.34348" lon="-77.36528"><ele>209.8</ele></trkpt>
      <trkpt lat="41.34367" lon="-77.36488"><ele>210.5</ele></trkpt>
      <trkpt lat="41.3438" lon="-77.36455"><ele>210.9</ele></trkpt>
      <trkpt lat="41.3439" lon="-77.36427"><ele>211.0</ele></trkpt>
      <trkpt lat="41.34405" lon="-77.363829"><ele>211.3</ele></trkpt>
      <trkpt lat="41.34407" lon="-77.36378"><ele>211.4</ele></trkpt>
      <trkpt lat="41.34413" lon="-77.36355"><ele>211.6</ele></trkpt>
      <trkpt lat="41.34416" lon="-77.36341"><ele>211.6</ele></trkpt>
      <trkpt lat="41.34417" lon="-77.36338"><ele>211.6</ele></trkpt>
      <trkpt lat="41.34423" lon="-77.363069"><ele>211.6</ele></trkpt>
      <trkpt lat="41.34429" lon="-77.36281"><ele>211.6</ele></trkpt>
      <trkpt lat="41.34432" lon="-77.36269"><ele>211.7</ele></trkpt>
      <trkpt lat="41.34441" lon="-77.36234"><ele>211.5</ele></trkpt>
      <trkpt lat="41.34443" lon="-77.36224"><ele>211.5</ele></trkpt>
      <trkpt lat="41.34445" lon="-77.36215"><ele>211.5</ele></trkpt>
      <trkpt lat="41.34447" lon="-77.362"><ele>211.5</ele></trkpt>
      <trkpt lat="41.34448" lon="-77.36191"><ele>211.6</ele></trkpt>
      <trkpt lat="41.344499" lon="-77.36177"><ele>211.7</ele></trkpt>
      <trkpt lat="41.34452" lon="-77.36153"><ele>211.9</ele></trkpt>
      <trkpt lat="41.34455" lon="-77.36129"><ele>212.0</ele></trkpt>
      <trkpt lat="41.3446" lon="-77.36085"><ele>212.0</ele></trkpt>
      <trkpt lat="41.3446" lon="-77.36082"><ele>211.9</ele></trkpt>
      <trkpt lat="41.34463" lon="-77.36058"><ele>211.8</ele></trkpt>
      <trkpt lat="41.34465" lon="-77.36041"><ele>211.7</ele></trkpt>
      <trkpt lat="41.34466" lon="-77.36035"><ele>211.7</ele></trkpt>
      <trkpt lat="41.34469" lon="-77.36019"><ele>211.7</ele></trkpt>
      <trkpt lat="41.34471" lon="-77.36011"><ele>211.8</ele></trkpt>
      <trkpt lat="41.34481" lon="-77.35964"><ele>211.7</ele></trkpt>
      <trkpt lat="41.34488" lon="-77.35943"><ele>211.8</ele></trkpt>
      <trkpt lat="41.34496" lon="-77.359219"><ele>211.9</ele></trkpt>
      <trkpt lat="41.34498" lon="-77.359129"><ele>211.8</ele></trkpt>
      <trkpt lat="41.34504" lon="-77.359"><ele>211.8</ele></trkpt>
      <trkpt lat="41.34513" lon="-77.3588"><ele>211.8</ele></trkpt>
      <trkpt lat="41.34519" lon="-77.35868"><ele>211.8</ele></trkpt>
      <trkpt lat="41.345239" lon="-77.35861"><ele>211.8</ele></trkpt>
      <trkpt lat="41.34526" lon="-77.35859"><ele>211.8</ele></trkpt>
      <trkpt lat="41.34537" lon="-77.35845"><ele>211.9</ele></trkpt>
      <trkpt lat="41.3455" lon="-77.358279"><ele>211.6</ele></trkpt>
      <trkpt lat="41.34563" lon="-77.35812"><ele>211.6</ele></trkpt>
      <trkpt lat="41.34576" lon="-77.35795"><ele>211.8</ele></trkpt>
      <trkpt lat="41.34589" lon="-77.35779"><ele>212.0</ele></trkpt>
      <trkpt lat="41.34602" lon="-77.35762"><ele>212.0</ele></trkpt>
      <trkpt lat="41.34612" lon="-77.35749"><ele>211.9</ele></trkpt>
      <trkpt lat="41.34637" lon="-77.3572"><ele>211.9</ele></trkpt>
      <trkpt lat="41.34642" lon="-77.35715"><ele>211.9</ele></trkpt>
      <trkpt lat="41.34658" lon="-77.357"><ele>212.3</ele></trkpt>
      <trkpt lat="41.346739" lon="-77.3569"><ele>213.7</ele></trkpt>
      <trkpt lat="41.34677" lon="-77.35688"><ele>214.0</ele></trkpt>
      <trkpt lat="41.34691" lon="-77.35682"><ele>215.4</ele></trkpt>
      <trkpt lat="41.34697" lon="-77.35679"><ele>215.6</ele></trkpt>
      <trkpt lat="41.34709" lon="-77.35675"><ele>215.9</ele></trkpt>
      <trkpt lat="41.34716" lon="-77.35673"><ele>216.0</ele></trkpt>
      <trkpt lat="41.34726" lon="-77.35671"><ele>216.1</ele></trkpt>
      <trkpt lat="41.34731" lon="-77.3567"><ele>216.1</ele></trkpt>
      <trkpt lat="41.34744" lon="-77.3567"><ele>216.3</ele></trkpt>
      <trkpt lat="41.347499" lon="-77.35669"><ele>216.2</ele></trkpt>
      <trkpt lat="41.34762" lon="-77.3567"><ele>216.4</ele></trkpt>
      <trkpt lat="41.34774" lon="-77.35673"><ele>216.6</ele></trkpt>
      <trkpt lat="41.3478" lon="-77.35674"><ele>216.7</ele></trkpt>
      <trkpt lat="41.347969" lon="-77.35679"><ele>216.9</ele></trkpt>
      <trkpt lat="41.348149" lon="-77.35684"><ele>217.0</ele></trkpt>
      <trkpt lat="41.34819" lon="-77.35685"><ele>217.0</ele></trkpt>
      <trkpt lat="41.34842" lon="-77.3569"><ele>216.6</ele></trkpt>
      <trkpt lat="41.34851" lon="-77.35691"><ele>216.2</ele></trkpt>
      <trkpt lat="41.348619" lon="-77.35692"><ele>215.7</ele></trkpt>
      <trkpt lat="41.34869" lon="-77.35692"><ele>215.0</ele></trkpt>
      <trkpt lat="41.34896" lon="-77.35691"><ele>213.1</ele></trkpt>
      <trkpt lat="41.34912" lon="-77.35692"><ele>213.2</ele></trkpt>
      <trkpt lat="41.34948" lon="-77.35688"><ele>216.2</ele></trkpt>
      <trkpt lat="41.3496" lon="-77.35686"><ele>216.5</ele></trkpt>
      <trkpt lat="41.34966" lon="-77.35685"><ele>216.4</ele></trkpt>
      <trkpt lat="41.34996" lon="-77.3568"><ele>215.5</ele></trkpt>
      <trkpt lat="41.35019" lon="-77.35675"><ele>215.1</ele></trkpt>
      <trkpt lat="41.35049" lon="-77.35669"><ele>215.8</ele></trkpt>
      <trkpt lat="41.35054" lon="-77.35668"><ele>215.7</ele></trkpt>
      <trkpt lat="41.35087" lon="-77.35659"><ele>220.4</ele></trkpt>
      <trkpt lat="41.35107" lon="-77.35654"><ele>221.3</ele></trkpt>
      <trkpt lat="41.35161" lon="-77.35641"><ele>225.6</ele></trkpt>
      <trkpt lat="41.351619" lon="-77.356399"><ele>225.4</ele></trkpt>
      <trkpt lat="41.35178" lon="-77.35639"><ele>226.0</ele></trkpt>
      <trkpt lat="41.35193" lon="-77.35637"><ele>225.8</ele></trkpt>
      <trkpt lat="41.35211" lon="-77.35636"><ele>225.7</ele></trkpt>
      <trkpt lat="41.35214" lon="-77.35637"><ele>226.0</ele></trkpt>
      <trkpt lat="41.35234" lon="-77.35638"><ele>226.8</ele></trkpt>
      <trkpt lat="41.352469" lon="-77.35639"><ele>227.9</ele></trkpt>
      <trkpt lat="41.35268" lon="-77.35644"><ele>230.1</ele></trkpt>
      <trkpt lat="41.35365" lon="-77.35667"><ele>234.6</ele></trkpt>
      <trkpt lat="41.35392" lon="-77.35673"><ele>235.0</ele></trkpt>
      <trkpt lat="41.354059" lon="-77.35676"><ele>235.2</ele></trkpt>
      <trkpt lat="41.35481" lon="-77.35688"><ele>240.7</ele></trkpt>
      <trkpt lat="41.35497" lon="-77.35691"><ele>240.5</ele></trkpt>
      <trkpt lat="41.35497" lon="-77.35691"><ele>240.5</ele></trkpt>
      <trkpt lat="41.35511" lon="-77.35588"><ele>240.9</ele></trkpt>
      <trkpt lat="41.35521" lon="-77.35521"><ele>240.5</ele></trkpt>
      <trkpt lat="41.35528" lon="-77.35496"><ele>240.8</ele></trkpt>
      <trkpt lat="41.35528" lon="-77.35495"><ele>240.8</ele></trkpt>
      <trkpt lat="41.3553" lon="-77.35489"><ele>240.6</ele></trkpt>
      <trkpt lat="41.35541" lon="-77.35451"><ele>240.3</ele></trkpt>
      <trkpt lat="41.35554" lon="-77.35406"><ele>239.9</ele></trkpt>
      <trkpt lat="41.35566" lon="-77.35363"><ele>239.0</ele></trkpt>
      <trkpt lat="41.35582" lon="-77.35366"><ele>235.5</ele></trkpt>
      <trkpt lat="41.355849" lon="-77.35366"><ele>234.7</ele></trkpt>
      <trkpt lat="41.356029" lon="-77.353669"><ele>231.9</ele></trkpt>
      <trkpt lat="41.35652" lon="-77.35369"><ele>232.2</ele></trkpt>
      <trkpt lat="41.35657" lon="-77.35378"><ele>232.0</ele></trkpt>
      <trkpt lat="41.35675" lon="-77.35384"><ele>232.0</ele></trkpt>
      <trkpt lat="41.35722" lon="-77.35406"><ele>231.5</ele></trkpt>
      <trkpt lat="41.35756" lon="-77.35421"><ele>231.3</ele></trkpt>
      <trkpt lat="41.357729" lon="-77.35429"><ele>230.9</ele></trkpt>
      <trkpt lat="41.35789" lon="-77.35436"><ele>230.6</ele></trkpt>
      <trkpt lat="41.3579" lon="-77.35436"><ele>230.6</ele></trkpt>
      <trkpt lat="41.35811" lon="-77.35436"><ele>231.6</ele></trkpt>
      <trkpt lat="41.35842" lon="-77.35418"><ele>233.3</ele></trkpt>
      <trkpt lat="41.35857" lon="-77.35409"><ele>231.4</ele></trkpt>
      <trkpt lat="41.35858" lon="-77.35409"><ele>231.1</ele></trkpt>
      <trkpt lat="41.358759" lon="-77.35408"><ele>229.9</ele></trkpt>
      <trkpt lat="41.359409" lon="-77.35408"><ele>233.8</ele></trkpt>
      <trkpt lat="41.35948" lon="-77.35405"><ele>234.8</ele></trkpt>
      <trkpt lat="41.35999" lon="-77.35383"><ele>242.3</ele></trkpt>
      <trkpt lat="41.3605" lon="-77.35361"><ele>243.9</ele></trkpt>
      <trkpt lat="41.36066" lon="-77.35354"><ele>243.3</ele></trkpt>
      <trkpt lat="41.36117" lon="-77.35324"><ele>243.4</ele></trkpt>
      <trkpt lat="41.3615" lon="-77.35305"><ele>240.4</ele></trkpt>
      <trkpt lat="41.36166" lon="-77.35296"><ele>239.1</ele></trkpt>
      <trkpt lat="41.36238" lon="-77.35286"><ele>243.3</ele></trkpt>
      <trkpt lat="41.36256" lon="-77.35283"><ele>240.6</ele></trkpt>
      <trkpt lat="41.362699" lon="-77.35281"><ele>238.2</ele></trkpt>
      <trkpt lat="41.36291" lon="-77.35274"><ele>237.1</ele></trkpt>
      <trkpt lat="41.363259" lon="-77.35261"><ele>237.2</ele></trkpt>
      <trkpt lat="41.36343" lon="-77.352549"><ele>228.1</ele></trkpt>
      <trkpt lat="41.36413" lon="-77.35231"><ele>229.2</ele></trkpt>
      <trkpt lat="41.3643" lon="-77.35225"><ele>232.6</ele></trkpt>
      <trkpt lat="41.36434" lon="-77.35223"><ele>233.8</ele></trkpt>
      <trkpt lat="41.36484" lon="-77.35222"><ele>229.6</ele></trkpt>
      <trkpt lat="41.36502" lon="-77.35222"><ele>230.9</ele></trkpt>
      <trkpt lat="41.3652" lon="-77.35221"><ele>233.9</ele></trkpt>
      <trkpt lat="41.36538" lon="-77.35221"><ele>236.3</ele></trkpt>
      <trkpt lat="41.36575" lon="-77.3522"><ele>237.1</ele></trkpt>
      <trkpt lat="41.36591" lon="-77.352279"><ele>234.3</ele></trkpt>
      <trkpt lat="41.366" lon="-77.35232"><ele>233.1</ele></trkpt>
      <trkpt lat="41.36644" lon="-77.35233"><ele>233.6</ele></trkpt>
      <trkpt lat="41.36662" lon="-77.35234"><ele>238.9</ele></trkpt>
      <trkpt lat="41.3668" lon="-77.35234"><ele>245.4</ele></trkpt>
      <trkpt lat="41.36698" lon="-77.35235"><ele>245.8</ele></trkpt>
      <trkpt lat="41.367" lon="-77.35235"><ele>245.4</ele></trkpt>
      <trkpt lat="41.36716" lon="-77.35235"><ele>239.4</ele></trkpt>
      <trkpt lat="41.36731" lon="-77.35236"><ele>232.5</ele></trkpt>
      <trkpt lat="41.367669" lon="-77.35251"><ele>224.0</ele></trkpt>
      <trkpt lat="41.36774" lon="-77.35257"><ele>223.7</ele></trkpt>
      <trkpt lat="41.36783" lon="-77.35265"><ele>223.8</ele></trkpt>
      <trkpt lat="41.36807" lon="-77.35285"><ele>224.2</ele></trkpt>
      <trkpt lat="41.368139" lon="-77.3529"><ele>224.0</ele></trkpt>
      <trkpt lat="41.36844" lon="-77.35316"><ele>221.4</ele></trkpt>
      <trkpt lat="41.36853" lon="-77.35323"><ele>221.7</ele></trkpt>
      <trkpt lat="41.36875" lon="-77.35339"><ele>224.0</ele></trkpt>
      <trkpt lat="41.36897" lon="-77.35355"><ele>224.9</ele></trkpt>
      <trkpt lat="41.3694" lon="-77.3538"><ele>226.9</ele></trkpt>
      <trkpt lat="41.36957" lon="-77.3539"><ele>227.6</ele></trkpt>
      <trkpt lat="41.36962" lon="-77.35393"><ele>227.8</ele></trkpt>
      <trkpt lat="41.3697" lon="-77.35405"><ele>227.6</ele></trkpt>
      <trkpt lat="41.36976" lon="-77.35414"><ele>227.1</ele></trkpt>
      <trkpt lat="41.36977" lon="-77.35426"><ele>225.8</ele></trkpt>
      <trkpt lat="41.3698" lon="-77.35498"><ele>218.6</ele></trkpt>
      <trkpt lat="41.36981" lon="-77.35514"><ele>218.3</ele></trkpt>
      <trkpt lat="41.36986" lon="-77.355189"><ele>218.2</ele></trkpt>
      <trkpt lat="41.36999" lon="-77.35534"><ele>216.9</ele></trkpt>
      <trkpt lat="41.37009" lon="-77.35544"><ele>216.1</ele></trkpt>
      <trkpt lat="41.37082" lon="-77.35581"><ele>218.4</ele></trkpt>
      <trkpt lat="41.37098" lon="-77.3559"><ele>220.8</ele></trkpt>
      <trkpt lat="41.3711" lon="-77.35595"><ele>222.8</ele></trkpt>
      <trkpt lat="41.371519" lon="-77.35595"><ele>231.1</ele></trkpt>
      <trkpt lat="41.37153" lon="-77.35595"><ele>231.2</ele></trkpt>
      <trkpt lat="41.37168" lon="-77.35603"><ele>231.1</ele></trkpt>
      <trkpt lat="41.37185" lon="-77.35612"><ele>230.7</ele></trkpt>
      <trkpt lat="41.37202" lon="-77.35621"><ele>230.2</ele></trkpt>
      <trkpt lat="41.37235" lon="-77.35639"><ele>227.2</ele></trkpt>
      <trkpt lat="41.3725" lon="-77.35647"><ele>226.1</ele></trkpt>
      <trkpt lat="41.37252" lon="-77.35648"><ele>225.6</ele></trkpt>
      <trkpt lat="41.37274" lon="-77.35674"><ele>219.3</ele></trkpt>
      <trkpt lat="41.37275" lon="-77.35676"><ele>219.2</ele></trkpt>
      <trkpt lat="41.37292" lon="-77.35696"><ele>219.2</ele></trkpt>
      <trkpt lat="41.37306" lon="-77.35712"><ele>219.3</ele></trkpt>
      <trkpt lat="41.37319" lon="-77.35728"><ele>219.3</ele></trkpt>
      <trkpt lat="41.37335" lon="-77.35746"><ele>219.3</ele></trkpt>
      <trkpt lat="41.37415" lon="-77.35892"><ele>219.3</ele></trkpt>
      <trkpt lat="41.37438" lon="-77.359"><ele>219.3</ele></trkpt>
      <trkpt lat="41.375" lon="-77.35925"><ele>219.4</ele></trkpt>
      <trkpt lat="41.37618" lon="-77.35945"><ele>220.1</ele></trkpt>
      <trkpt lat="41.3765" lon="-77.35942"><ele>219.9</ele></trkpt>
      <trkpt lat="41.37677" lon="-77.35939"><ele>219.7</ele></trkpt>
      <trkpt lat="41.37769" lon="-77.35894"><ele>219.6</ele></trkpt>
      <trkpt lat="41.37815" lon="-77.35872"><ele>219.6</ele></trkpt>
      <trkpt lat="41.37869" lon="-77.35839"><ele>219.6</ele></trkpt>
      <trkpt lat="41.37983" lon="-77.35769"><ele>219.8</ele></trkpt>
      <trkpt lat="41.38049" lon="-77.35728"><ele>220.0</ele></trkpt>
      <trkpt lat="41.38064" lon="-77.35719"><ele>220.0</ele></trkpt>
      <trkpt lat="41.380752" lon="-77.357519"><ele>219.7</ele></trkpt>
      <trkpt lat="41.381747" lon="-77.357038"><ele>221.5</ele></trkpt>
      <trkpt lat="41.382741" lon="-77.356555"><ele>223.8</ele></trkpt>
      <trkpt lat="41.383736" lon="-77.356072"><ele>225.3</ele></trkpt>
      <trkpt lat="41.38435" lon="-77.354972"><ele>225.4</ele></trkpt>
      <trkpt lat="41.384963" lon="-77.353871"><ele>225.4</ele></trkpt>
      <trkpt lat="41.385577" lon="-77.352771"><ele>225.3</ele></trkpt>
      <trkpt lat="41.38619" lon="-77.35167"><ele>225.3</ele></trkpt>
      <trkpt lat="41.386804" lon="-77.35057"><ele>226.0</ele></trkpt>
      <trkpt lat="41.38735" lon="-77.349369"><ele>225.6</ele></trkpt>
      <trkpt lat="41.38742" lon="-77.34927"><ele>225.5</ele></trkpt>
      <trkpt lat="41.38759" lon="-77.34908"><ele>225.6</ele></trkpt>
      <trkpt lat="41.387659" lon="-77.34901"><ele>225.6</ele></trkpt>
      <trkpt lat="41.38774" lon="-77.34892"><ele>225.6</ele></trkpt>
      <trkpt lat="41.387949" lon="-77.34871"><ele>225.6</ele></trkpt>
      <trkpt lat="41.3882" lon="-77.34844"><ele>225.7</ele></trkpt>
      <trkpt lat="41.38828" lon="-77.34836"><ele>225.7</ele></trkpt>
      <trkpt lat="41.38837" lon="-77.34828"><ele>225.7</ele></trkpt>
      <trkpt lat="41.38848" lon="-77.34818"><ele>225.8</ele></trkpt>
      <trkpt lat="41.38864" lon="-77.34804"><ele>226.0</ele></trkpt>
      <trkpt lat="41.388779" lon="-77.34793"><ele>226.3</ele></trkpt>
      <trkpt lat="41.3889" lon="-77.34786"><ele>226.6</ele></trkpt>
      <trkpt lat="41.38908" lon="-77.34778"><ele>227.1</ele></trkpt>
      <trkpt lat="41.38935" lon="-77.34769"><ele>227.5</ele></trkpt>
      <trkpt lat="41.389449" lon="-77.34764"><ele>227.7</ele></trkpt>
      <trkpt lat="41.38951" lon="-77.34761"><ele>227.8</ele></trkpt>
      <trkpt lat="41.38973" lon="-77.34748"><ele>228.3</ele></trkpt>
      <trkpt lat="41.3899" lon="-77.34736"><ele>228.6</ele></trkpt>
      <trkpt lat="41.39006" lon="-77.34724"><ele>228.9</ele></trkpt>
      <trkpt lat="41.39015" lon="-77.34718"><ele>229.2</ele></trkpt>
      <trkpt lat="41.39031" lon="-77.34707"><ele>229.5</ele></trkpt>
      <trkpt lat="41.39045" lon="-77.34696"><ele>229.8</ele></trkpt>
      <trkpt lat="41.39051" lon="-77.34694"><ele>230.0</ele></trkpt>
      <trkpt lat="41.39067" lon="-77.34687"><ele>230.3</ele></trkpt>
      <trkpt lat="41.39091" lon="-77.3468"><ele>230.8</ele></trkpt>
      <trkpt lat="41.39121" lon="-77.346729"><ele>231.3</ele></trkpt>
      <trkpt lat="41.39141" lon="-77.34667"><ele>231.8</ele></trkpt>
      <trkpt lat="41.39153" lon="-77.34662"><ele>232.0</ele></trkpt>
      <trkpt lat="41.39166" lon="-77.346549"><ele>232.3</ele></trkpt>
      <trkpt lat="41.391689" lon="-77.34653"><ele>232.3</ele></trkpt>
      <trkpt lat="41.39177" lon="-77.346459"><ele>232.5</ele></trkpt>
      <trkpt lat="41.3919" lon="-77.34634"><ele>232.7</ele></trkpt>
      <trkpt lat="41.39218" lon="-77.34598"><ele>233.0</ele></trkpt>
      <trkpt lat="41.39234" lon="-77.34577"><ele>233.0</ele></trkpt>
      <trkpt lat="41.392359" lon="-77.34574"><ele>232.9</ele></trkpt>
      <trkpt lat="41.39259" lon="-77.34542"><ele>232.7</ele></trkpt>
      <trkpt lat="41.39276" lon="-77.3452"><ele>232.7</ele></trkpt>
      <trkpt lat="41.39286" lon="-77.3451"><ele>232.6</ele></trkpt>
      <trkpt lat="41.39288" lon="-77.34508"><ele>232.6</ele></trkpt>
      <trkpt lat="41.39309" lon="-77.34488"><ele>232.7</ele></trkpt>
      <trkpt lat="41.39332" lon="-77.344669"><ele>232.9</ele></trkpt>
      <trkpt lat="41.3934" lon="-77.34462"><ele>233.1</ele></trkpt>
      <trkpt lat="41.39347" lon="-77.344579"><ele>233.0</ele></trkpt>
      <trkpt lat="41.39349" lon="-77.344579"><ele>233.1</ele></trkpt>
      <trkpt lat="41.39352" lon="-77.34457"><ele>233.1</ele></trkpt>
      <trkpt lat="41.39359" lon="-77.344579"><ele>233.2</ele></trkpt>
      <trkpt lat="41.39365" lon="-77.34461"><ele>233.5</ele></trkpt>
      <trkpt lat="41.3937" lon="-77.34465"><ele>234.0</ele></trkpt>
      <trkpt lat="41.39379" lon="-77.34478"><ele>235.7</ele></trkpt>
      <trkpt lat="41.39396" lon="-77.34504"><ele>237.6</ele></trkpt>
      <trkpt lat="41.39424" lon="-77.345429"><ele>238.6</ele></trkpt>
      <trkpt lat="41.39434" lon="-77.34555"><ele>239.9</ele></trkpt>
      <trkpt lat="41.394419" lon="-77.34564"><ele>240.9</ele></trkpt>
      <trkpt lat="41.39446" lon="-77.34569"><ele>241.4</ele></trkpt>
      <trkpt lat="41.39453" lon="-77.34574"><ele>241.8</ele></trkpt>
      <trkpt lat="41.39457" lon="-77.34576"><ele>242.1</ele></trkpt>
      <trkpt lat="41.39461" lon="-77.34577"><ele>242.3</ele></trkpt>
      <trkpt lat="41.39466" lon="-77.34576"><ele>242.7</ele></trkpt>
      <trkpt lat="41.3947" lon="-77.34573"><ele>243.1</ele></trkpt>
      <trkpt lat="41.39473" lon="-77.34571"><ele>243.5</ele></trkpt>
      <trkpt lat="41.39499" lon="-77.34546"><ele>245.1</ele></trkpt>
      <trkpt lat="41.395069" lon="-77.34539"><ele>245.3</ele></trkpt>
      <trkpt lat="41.39517" lon="-77.34529"><ele>245.5</ele></trkpt>
      <trkpt lat="41.39528" lon="-77.34518"><ele>245.8</ele></trkpt>
      <trkpt lat="41.3955" lon="-77.34496"><ele>246.6</ele></trkpt>
      <trkpt lat="41.39582" lon="-77.34464"><ele>247.5</ele></trkpt>
      <trkpt lat="41.39596" lon="-77.34445"><ele>247.6</ele></trkpt>
      <trkpt lat="41.39604" lon="-77.34435"><ele>247.9</ele></trkpt>
      <trkpt lat="41.39621" lon="-77.34408"><ele>248.3</ele></trkpt>
      <trkpt lat="41.39627" lon="-77.34396"><ele>248.3</ele></trkpt>
      <trkpt lat="41.39638" lon="-77.34377"><ele>248.7</ele></trkpt>
      <trkpt lat="41.39659" lon="-77.34341"><ele>249.3</ele></trkpt>
      <trkpt lat="41.39671" lon="-77.3432"><ele>249.5</ele></trkpt>
      <trkpt lat="41.39682" lon="-77.34301"><ele>249.7</ele></trkpt>
      <trkpt lat="41.39693" lon="-77.34282"><ele>251.4</ele></trkpt>
      <trkpt lat="41.39698" lon="-77.34272"><ele>252.0</ele></trkpt>
      <trkpt lat="41.39714" lon="-77.34246"><ele>252.4</ele></trkpt>
      <trkpt lat="41.39715" lon="-77.34244"><ele>252.4</ele></trkpt>
      <trkpt lat="41.3973" lon="-77.34222"><ele>252.5</ele></trkpt>
      <trkpt lat="41.397509" lon="-77.34193"><ele>252.4</ele></trkpt>
      <trkpt lat="41.39752" lon="-77.34192"><ele>252.4</ele></trkpt>
      <trkpt lat="41.39773" lon="-77.34166"><ele>252.6</ele></trkpt>
      <trkpt lat="41.39778" lon="-77.34159"><ele>252.5</ele></trkpt>
      <trkpt lat="41.39792" lon="-77.34142"><ele>252.6</ele></trkpt>
      <trkpt lat="41.39805" lon="-77.34126"><ele>252.9</ele></trkpt>
      <trkpt lat="41.39818" lon="-77.34111"><ele>253.3</ele></trkpt>
      <trkpt lat="41.398269" lon="-77.34102"><ele>253.8</ele></trkpt>
      <trkpt lat="41.39832" lon="-77.34096"><ele>254.4</ele></trkpt>
      <trkpt lat="41.39839" lon="-77.3409"><ele>255.6</ele></trkpt>
      <trkpt lat="41.39847" lon="-77.340819"><ele>257.0</ele></trkpt>
      <trkpt lat="41.39861" lon="-77.34069"><ele>257.9</ele></trkpt>
      <trkpt lat="41.39876" lon="-77.34057"><ele>258.3</ele></trkpt>
      <trkpt lat="41.39877" lon="-77.34056"><ele>258.4</ele></trkpt>
      <trkpt lat="41.39894" lon="-77.34047"><ele>259.6</ele></trkpt>
      <trkpt lat="41.399009" lon="-77.34042"><ele>260.4</ele></trkpt>
      <trkpt lat="41.3991" lon="-77.340369"><ele>261.8</ele></trkpt>
      <trkpt lat="41.39927" lon="-77.34027"><ele>264.4</ele></trkpt>
      <trkpt lat="41.39965" lon="-77.34005"><ele>265.5</ele></trkpt>
      <trkpt lat="41.39992" lon="-77.33987"><ele>265.7</ele></trkpt>
      <trkpt lat="41.39996" lon="-77.33985"><ele>265.9</ele></trkpt>
      <trkpt lat="41.40008" lon="-77.33977"><ele>265.9</ele></trkpt>
      <trkpt lat="41.40018" lon="-77.339699"><ele>265.8</ele></trkpt>
      <trkpt lat="41.4004" lon="-77.33954"><ele>265.7</ele></trkpt>
      <trkpt lat="41.40072" lon="-77.33932"><ele>265.7</ele></trkpt>
      <trkpt lat="41.40087" lon="-77.33921"><ele>265.9</ele></trkpt>
      <trkpt lat="41.40088" lon="-77.3392"><ele>265.9</ele></trkpt>
      <trkpt lat="41.40103" lon="-77.33909"><ele>266.0</ele></trkpt>
      <trkpt lat="41.40122" lon="-77.338939"><ele>266.2</ele></trkpt>
      <trkpt lat="41.40134" lon="-77.33884"><ele>266.2</ele></trkpt>
      <trkpt lat="41.40149" lon="-77.33871"><ele>266.2</ele></trkpt>
      <trkpt lat="41.401649" lon="-77.33856"><ele>265.9</ele></trkpt>
      <trkpt lat="41.401919" lon="-77.33828"><ele>265.2</ele></trkpt>
      <trkpt lat="41.40195" lon="-77.33825"><ele>265.2</ele></trkpt>
      <trkpt lat="41.40232" lon="-77.337909"><ele>264.2</ele></trkpt>
      <trkpt lat="41.4025" lon="-77.33778"><ele>260.5</ele></trkpt>
      <trkpt lat="41.40253" lon="-77.33776"><ele>260.4</ele></trkpt>
      <trkpt lat="41.40289" lon="-77.3375"><ele>256.9</ele></trkpt>
      <trkpt lat="41.40321" lon="-77.3373"><ele>253.2</ele></trkpt>
      <trkpt lat="41.403329" lon="-77.33723"><ele>252.5</ele></trkpt>
      <trkpt lat="41.40368" lon="-77.33703"><ele>247.5</ele></trkpt>
      <trkpt lat="41.40383" lon="-77.33694"><ele>247.4</ele></trkpt>
      <trkpt lat="41.40395" lon="-77.33686"><ele>247.4</ele></trkpt>
      <trkpt lat="41.40414" lon="-77.33671"><ele>247.3</ele></trkpt>
      <trkpt lat="41.40461" lon="-77.33636"><ele>247.0</ele></trkpt>
      <trkpt lat="41.40493" lon="-77.33613"><ele>246.6</ele></trkpt>
      <trkpt lat="41.40508" lon="-77.33601"><ele>246.0</ele></trkpt>
      <trkpt lat="41.40525" lon="-77.33588"><ele>245.7</ele></trkpt>
      <trkpt lat="41.40572" lon="-77.33555"><ele>244.9</ele></trkpt>
      <trkpt lat="41.40589" lon="-77.33543"><ele>244.7</ele></trkpt>
      <trkpt lat="41.40603" lon="-77.33531"><ele>244.7</ele></trkpt>
      <trkpt lat="41.40636" lon="-77.33504"><ele>244.5</ele></trkpt>
      <trkpt lat="41.40648" lon="-77.33492"><ele>244.4</ele></trkpt>
      <trkpt lat="41.40667" lon="-77.3347"><ele>244.2</ele></trkpt>
      <trkpt lat="41.406709" lon="-77.33465"><ele>244.2</ele></trkpt>
      <trkpt lat="41.40678" lon="-77.33458"><ele>244.2</ele></trkpt>
      <trkpt lat="41.40684" lon="-77.33451"><ele>244.1</ele></trkpt>
      <trkpt lat="41.40695" lon="-77.33438"><ele>244.1</ele></trkpt>
      <trkpt lat="41.40733" lon="-77.33392"><ele>243.9</ele></trkpt>
      <trkpt lat="41.40747" lon="-77.33373"><ele>244.0</ele></trkpt>
      <trkpt lat="41.40755" lon="-77.333609"><ele>244.0</ele></trkpt>
      <trkpt lat="41.40775" lon="-77.33325"><ele>244.2</ele></trkpt>
      <trkpt lat="41.40784" lon="-77.33308"><ele>244.3</ele></trkpt>
      <trkpt lat="41.40788" lon="-77.33298"><ele>244.3</ele></trkpt>
      <trkpt lat="41.40797" lon="-77.33278"><ele>244.5</ele></trkpt>
      <trkpt lat="41.40804" lon="-77.332579"><ele>244.6</ele></trkpt>
      <trkpt lat="41.4081" lon="-77.33239"><ele>244.9</ele></trkpt>
      <trkpt lat="41.40817" lon="-77.33213"><ele>245.4</ele></trkpt>
      <trkpt lat="41.40822" lon="-77.331909"><ele>246.0</ele></trkpt>
      <trkpt lat="41.40826" lon="-77.33166"><ele>246.6</ele></trkpt>
      <trkpt lat="41.40826" lon="-77.33161"><ele>246.6</ele></trkpt>
      <trkpt lat="41.40831" lon="-77.3312"><ele>247.5</ele></trkpt>
      <trkpt lat="41.40831" lon="-77.33119"><ele>247.5</ele></trkpt>
      <trkpt lat="41.40837" lon="-77.3308"><ele>248.5</ele></trkpt>
      <trkpt lat="41.40845" lon="-77.33019"><ele>246.5</ele></trkpt>
      <trkpt lat="41.40846" lon="-77.33013"><ele>246.4</ele></trkpt>
      <trkpt lat="41.40848" lon="-77.33"><ele>246.1</ele></trkpt>
      <trkpt lat="41.40853" lon="-77.32984"><ele>246.0</ele></trkpt>
      <trkpt lat="41.40858" lon="-77.32972"><ele>245.9</ele></trkpt>
      <trkpt lat="41.40863" lon="-77.32963"><ele>245.9</ele></trkpt>
      <trkpt lat="41.40871" lon="-77.32953"><ele>246.1</ele></trkpt>
      <trkpt lat="41.40875" lon="-77.32947"><ele>246.1</ele></trkpt>
      <trkpt lat="41.40884" lon="-77.32937"><ele>246.5</ele></trkpt>
      <trkpt lat="41.4089" lon="-77.3293"><ele>246.9</ele></trkpt>
      <trkpt lat="41.40896" lon="-77.32922"><ele>247.2</ele></trkpt>
      <trkpt lat="41.40908" lon="-77.32905"><ele>247.8</ele></trkpt>
      <trkpt lat="41.40914" lon="-77.32894"><ele>248.0</ele></trkpt>
      <trkpt lat="41.40917" lon="-77.32887"><ele>248.1</ele></trkpt>
      <trkpt lat="41.40928" lon="-77.32863"><ele>248.5</ele></trkpt>
      <trkpt lat="41.40934" lon="-77.32848"><ele>248.6</ele></trkpt>
      <trkpt lat="41.40938" lon="-77.32835"><ele>248.7</ele></trkpt>
      <trkpt lat="41.40955" lon="-77.32765"><ele>248.4</ele></trkpt>
      <trkpt lat="41.40955" lon="-77.32762"><ele>248.4</ele></trkpt>
      <trkpt lat="41.40966" lon="-77.32715"><ele>248.5</ele></trkpt>
      <trkpt lat="41.40972" lon="-77.32701"><ele>248.4</ele></trkpt>
      <trkpt lat="41.40975" lon="-77.32695"><ele>248.3</ele></trkpt>
      <trkpt lat="41.40976" lon="-77.32693"><ele>248.3</ele></trkpt>
      <trkpt lat="41.40983" lon="-77.32684"><ele>248.2</ele></trkpt>
      <trkpt lat="41.40995" lon="-77.32673"><ele>248.3</ele></trkpt>
      <trkpt lat="41.41019" lon="-77.32655"><ele>248.7</ele></trkpt>
      <trkpt lat="41.41019" lon="-77.32654"><ele>248.7</ele></trkpt>
      <trkpt lat="41.41058" lon="-77.32621"><ele>249.2</ele></trkpt>
      <trkpt lat="41.41067" lon="-77.32611"><ele>249.4</ele></trkpt>
      <trkpt lat="41.41076" lon="-77.32598"><ele>249.3</ele></trkpt>
      <trkpt lat="41.41084" lon="-77.32584"><ele>249.3</ele></trkpt>
      <trkpt lat="41.41089" lon="-77.32572"><ele>249.3</ele></trkpt>
      <trkpt lat="41.41095" lon="-77.32556"><ele>249.2</ele></trkpt>
      <trkpt lat="41.41108" lon="-77.32523"><ele>249.0</ele></trkpt>
      <trkpt lat="41.4112" lon="-77.32498"><ele>248.9</ele></trkpt>
      <trkpt lat="41.41122" lon="-77.32494"><ele>248.9</ele></trkpt>
      <trkpt lat="41.41134" lon="-77.32472"><ele>249.0</ele></trkpt>
      <trkpt lat="41.41145" lon="-77.32453"><ele>248.9</ele></trkpt>
      <trkpt lat="41.41167" lon="-77.3242"><ele>248.8</ele></trkpt>
      <trkpt lat="41.411679" lon="-77.3242"><ele>248.8</ele></trkpt>
      <trkpt lat="41.41194" lon="-77.32378"><ele>249.2</ele></trkpt>
      <trkpt lat="41.41216" lon="-77.323359"><ele>249.2</ele></trkpt>
      <trkpt lat="41.41226" lon="-77.32313"><ele>249.3</ele></trkpt>
      <trkpt lat="41.41231" lon="-77.322999"><ele>249.6</ele></trkpt>
      <trkpt lat="41.41236" lon="-77.32284"><ele>250.3</ele></trkpt>
      <trkpt lat="41.41239" lon="-77.3227"><ele>250.0</ele></trkpt>
      <trkpt lat="41.41241" lon="-77.32263"><ele>249.9</ele></trkpt>
      <trkpt lat="41.41241" lon="-77.3226"><ele>249.9</ele></trkpt>
      <trkpt lat="41.41242" lon="-77.32253"><ele>249.8</ele></trkpt>
      <trkpt lat="41.41248" lon="-77.32201"><ele>249.0</ele></trkpt>
      <trkpt lat="41.41249" lon="-77.32191"><ele>248.8</ele></trkpt>
      <trkpt lat="41.41251" lon="-77.32174"><ele>248.6</ele></trkpt>
      <trkpt lat="41.41252" lon="-77.32158"><ele>248.4</ele></trkpt>
      <trkpt lat="41.41254" lon="-77.32146"><ele>248.2</ele></trkpt>
      <trkpt lat="41.41258" lon="-77.32118"><ele>247.8</ele></trkpt>
      <trkpt lat="41.412619" lon="-77.321029"><ele>247.9</ele></trkpt>
      <trkpt lat="41.4127" lon="-77.32083"><ele>248.3</ele></trkpt>
      <trkpt lat="41.41276" lon="-77.32069"><ele>248.5</ele></trkpt>
      <trkpt lat="41.41285" lon="-77.32054"><ele>248.7</ele></trkpt>
      <trkpt lat="41.41288" lon="-77.3205"><ele>248.8</ele></trkpt>
      <trkpt lat="41.41294" lon="-77.32041"><ele>249.0</ele></trkpt>
      <trkpt lat="41.41304" lon="-77.3203"><ele>249.2</ele></trkpt>
      <trkpt lat="41.41315" lon="-77.3202"><ele>249.4</ele></trkpt>
      <trkpt lat="41.41327" lon="-77.32011"><ele>249.6</ele></trkpt>
      <trkpt lat="41.41339" lon="-77.32004"><ele>249.7</ele></trkpt>
      <trkpt lat="41.41357" lon="-77.31998"><ele>249.8</ele></trkpt>
      <trkpt lat="41.41366" lon="-77.31996"><ele>249.9</ele></trkpt>
      <trkpt lat="41.41386" lon="-77.31994"><ele>250.1</ele></trkpt>
      <trkpt lat="41.414119" lon="-77.31994"><ele>250.3</ele></trkpt>
      <trkpt lat="41.41456" lon="-77.31997"><ele>250.3</ele></trkpt>
      <trkpt lat="41.414879" lon="-77.31999"><ele>250.0</ele></trkpt>
      <trkpt lat="41.41498" lon="-77.319999"><ele>250.0</ele></trkpt>
      <trkpt lat="41.41523" lon="-77.319999"><ele>250.0</ele></trkpt>
      <trkpt lat="41.41524" lon="-77.319999"><ele>249.9</ele></trkpt>
      <trkpt lat="41.41537" lon="-77.31999"><ele>249.9</ele></trkpt>
      <trkpt lat="41.4156" lon="-77.31995"><ele>250.0</ele></trkpt>
      <trkpt lat="41.41596" lon="-77.31989"><ele>250.2</ele></trkpt>
      <trkpt lat="41.41598" lon="-77.31988"><ele>250.2</ele></trkpt>
      <trkpt lat="41.41628" lon="-77.31981"><ele>250.3</ele></trkpt>
      <trkpt lat="41.41649" lon="-77.31974"><ele>250.4</ele></trkpt>
      <trkpt lat="41.41672" lon="-77.31967"><ele>250.5</ele></trkpt>
      <trkpt lat="41.41684" lon="-77.31963"><ele>250.5</ele></trkpt>
      <trkpt lat="41.41736" lon="-77.31946"><ele>250.8</ele></trkpt>
      <trkpt lat="41.41744" lon="-77.31943"><ele>250.8</ele></trkpt>
      <trkpt lat="41.4182" lon="-77.31917"><ele>250.9</ele></trkpt>
      <trkpt lat="41.4184" lon="-77.31908"><ele>250.9</ele></trkpt>
      <trkpt lat="41.41843" lon="-77.31907"><ele>250.9</ele></trkpt>
      <trkpt lat="41.41906" lon="-77.31874"><ele>250.9</ele></trkpt>
      <trkpt lat="41.41935" lon="-77.318569"><ele>250.9</ele></trkpt>
      <trkpt lat="41.41977" lon="-77.31834"><ele>251.0</ele></trkpt>
      <trkpt lat="41.42006" lon="-77.31816"><ele>251.4</ele></trkpt>
      <trkpt lat="41.420319" lon="-77.31799"><ele>251.5</ele></trkpt>
      <trkpt lat="41.42058" lon="-77.31784"><ele>251.6</ele></trkpt>
      <trkpt lat="41.42089" lon="-77.31769"><ele>251.5</ele></trkpt>
      <trkpt lat="41.42095" lon="-77.31765"><ele>251.6</ele></trkpt>
      <trkpt lat="41.42104" lon="-77.3176"><ele>251.6</ele></trkpt>
      <trkpt lat="41.4211" lon="-77.317539"><ele>251.7</ele></trkpt>
      <trkpt lat="41.42121" lon="-77.31742"><ele>251.8</ele></trkpt>
      <trkpt lat="41.42133" lon="-77.31728"><ele>251.9</ele></trkpt>
      <trkpt lat="41.42143" lon="-77.31715"><ele>252.1</ele></trkpt>
      <trkpt lat="41.42148" lon="-77.3171"><ele>252.1</ele></trkpt>
      <trkpt lat="41.42159" lon="-77.316999"><ele>252.2</ele></trkpt>
      <trkpt lat="41.42161" lon="-77.31699"><ele>252.2</ele></trkpt>
      <trkpt lat="41.4219" lon="-77.3168"><ele>252.1</ele></trkpt>
      <trkpt lat="41.42211" lon="-77.3167"><ele>251.9</ele></trkpt>
      <trkpt lat="41.42245" lon="-77.31658"><ele>251.6</ele></trkpt>
      <trkpt lat="41.422469" lon="-77.31657"><ele>251.6</ele></trkpt>
      <trkpt lat="41.42275" lon="-77.31649"><ele>251.4</ele></trkpt>
      <trkpt lat="41.42295" lon="-77.31641"><ele>251.4</ele></trkpt>
      <trkpt lat="41.42309" lon="-77.31636"><ele>251.5</ele></trkpt>
      <trkpt lat="41.42317" lon="-77.31632"><ele>251.5</ele></trkpt>
      <trkpt lat="41.42329" lon="-77.31623"><ele>251.6</ele></trkpt>
      <trkpt lat="41.423409" lon="-77.31611"><ele>251.6</ele></trkpt>
      <trkpt lat="41.42358" lon="-77.31593"><ele>251.6</ele></trkpt>
      <trkpt lat="41.42377" lon="-77.31571"><ele>251.6</ele></trkpt>
      <trkpt lat="41.42384" lon="-77.31563"><ele>251.5</ele></trkpt>
      <trkpt lat="41.42403" lon="-77.31542"><ele>251.5</ele></trkpt>
      <trkpt lat="41.42424" lon="-77.31517"><ele>251.5</ele></trkpt>
      <trkpt lat="41.42437" lon="-77.31499"><ele>251.4</ele></trkpt>
      <trkpt lat="41.42442" lon="-77.31493"><ele>251.4</ele></trkpt>
      <trkpt lat="41.42454" lon="-77.31473"><ele>251.3</ele></trkpt>
      <trkpt lat="41.42471" lon="-77.31443"><ele>251.3</ele></trkpt>
      <trkpt lat="41.42498" lon="-77.31395"><ele>251.3</ele></trkpt>
      <trkpt lat="41.42524" lon="-77.31354"><ele>251.5</ele></trkpt>
      <trkpt lat="41.425379" lon="-77.31331"><ele>251.7</ele></trkpt>
      <trkpt lat="41.42564" lon="-77.31294"><ele>251.8</ele></trkpt>
      <trkpt lat="41.42588" lon="-77.31261"><ele>252.2</ele></trkpt>
      <trkpt lat="41.42643" lon="-77.31187"><ele>253.0</ele></trkpt>
      <trkpt lat="41.426519" lon="-77.31176"><ele>253.3</ele></trkpt>
      <trkpt lat="41.42682" lon="-77.31138"><ele>254.9</ele></trkpt>
      <trkpt lat="41.42695" lon="-77.3112"><ele>255.7</ele></trkpt>
      <trkpt lat="41.42719" lon="-77.31082"><ele>256.0</ele></trkpt>
      <trkpt lat="41.42725" lon="-77.31071"><ele>256.1</ele></trkpt>
      <trkpt lat="41.42728" lon="-77.31064"><ele>256.2</ele></trkpt>
      <trkpt lat="41.427639" lon="-77.30995"><ele>257.6</ele></trkpt>
      <trkpt lat="41.42766" lon="-77.30992"><ele>257.6</ele></trkpt>
      <trkpt lat="41.42787" lon="-77.30953"><ele>257.6</ele></trkpt>
      <trkpt lat="41.42792" lon="-77.30945"><ele>257.5</ele></trkpt>
      <trkpt lat="41.42813" lon="-77.30904"><ele>257.2</ele></trkpt>
      <trkpt lat="41.42827" lon="-77.30874"><ele>257.0</ele></trkpt>
      <trkpt lat="41.428289" lon="-77.3087"><ele>256.9</ele></trkpt>
      <trkpt lat="41.42838" lon="-77.30849"><ele>256.8</ele></trkpt>
      <trkpt lat="41.42848" lon="-77.30825"><ele>256.9</ele></trkpt>
      <trkpt lat="41.42853" lon="-77.30805"><ele>257.1</ele></trkpt>
      <trkpt lat="41.428579" lon="-77.30787"><ele>257.2</ele></trkpt>
      <trkpt lat="41.4286" lon="-77.30771"><ele>257.3</ele></trkpt>
      <trkpt lat="41.42861" lon="-77.30757"><ele>257.3</ele></trkpt>
      <trkpt lat="41.42863" lon="-77.30716"><ele>257.4</ele></trkpt>
      <trkpt lat="41.42863" lon="-77.30713"><ele>257.4</ele></trkpt>
      <trkpt lat="41.42863" lon="-77.30624"><ele>257.2</ele></trkpt>
      <trkpt lat="41.42863" lon="-77.30596"><ele>257.2</ele></trkpt>
      <trkpt lat="41.42862" lon="-77.30531"><ele>257.7</ele></trkpt>
      <trkpt lat="41.42863" lon="-77.305"><ele>258.0</ele></trkpt>
      <trkpt lat="41.42863" lon="-77.3049"><ele>258.0</ele></trkpt>
      <trkpt lat="41.42865" lon="-77.30463"><ele>258.1</ele></trkpt>
      <trkpt lat="41.42869" lon="-77.30418"><ele>257.9</ele></trkpt>
      <trkpt lat="41.42875" lon="-77.30367"><ele>258.0</ele></trkpt>
      <trkpt lat="41.428759" lon="-77.303569"><ele>258.1</ele></trkpt>
      <trkpt lat="41.4288" lon="-77.30328"><ele>258.1</ele></trkpt>
      <trkpt lat="41.42886" lon="-77.30298"><ele>258.0</ele></trkpt>
      <trkpt lat="41.42891" lon="-77.302719"><ele>258.0</ele></trkpt>
      <trkpt lat="41.42897" lon="-77.3025"><ele>257.9</ele></trkpt>
      <trkpt lat="41.429" lon="-77.30242"><ele>257.9</ele></trkpt>
      <trkpt lat="41.42902" lon="-77.302359"><ele>257.9</ele></trkpt>
      <trkpt lat="41.4291" lon="-77.30216"><ele>257.8</ele></trkpt>
      <trkpt lat="41.42929" lon="-77.30174"><ele>257.6</ele></trkpt>
      <trkpt lat="41.42942" lon="-77.30147"><ele>257.5</ele></trkpt>
      <trkpt lat="41.42944" lon="-77.3014"><ele>257.5</ele></trkpt>
      <trkpt lat="41.429609" lon="-77.30101"><ele>257.5</ele></trkpt>
      <trkpt lat="41.42965" lon="-77.30089"><ele>257.5</ele></trkpt>
      <trkpt lat="41.42972" lon="-77.30072"><ele>257.5</ele></trkpt>
      <trkpt lat="41.42982" lon="-77.3004"><ele>257.5</ele></trkpt>
      <trkpt lat="41.42993" lon="-77.3"><ele>257.8</ele></trkpt>
      <trkpt lat="41.43006" lon="-77.29957"><ele>258.4</ele></trkpt>
      <trkpt lat="41.43006" lon="-77.29956"><ele>258.4</ele></trkpt>
      <trkpt lat="41.43024" lon="-77.29888"><ele>260.7</ele></trkpt>
      <trkpt lat="41.43027" lon="-77.29879"><ele>261.3</ele></trkpt>
      <trkpt lat="41.43036" lon="-77.2985"><ele>262.0</ele></trkpt>
      <trkpt lat="41.430459" lon="-77.29822"><ele>262.0</ele></trkpt>
      <trkpt lat="41.4305" lon="-77.29811"><ele>261.9</ele></trkpt>
      <trkpt lat="41.43069" lon="-77.29765"><ele>262.0</ele></trkpt>
      <trkpt lat="41.43084" lon="-77.29724"><ele>262.4</ele></trkpt>
      <trkpt lat="41.431" lon="-77.29677"><ele>262.7</ele></trkpt>
      <trkpt lat="41.43118" lon="-77.2963"><ele>262.8</ele></trkpt>
      <trkpt lat="41.43142" lon="-77.29574"><ele>263.4</ele></trkpt>
      <trkpt lat="41.43148" lon="-77.29561"><ele>263.4</ele></trkpt>
      <trkpt lat="41.43166" lon="-77.2952"><ele>263.5</ele></trkpt>
      <trkpt lat="41.43175" lon="-77.295"><ele>263.4</ele></trkpt>
      <trkpt lat="41.43185" lon="-77.29479"><ele>263.5</ele></trkpt>
      <trkpt lat="41.43193" lon="-77.29464"><ele>263.5</ele></trkpt>
      <trkpt lat="41.43217" lon="-77.29418"><ele>263.6</ele></trkpt>
      <trkpt lat="41.43249" lon="-77.293629"><ele>263.6</ele></trkpt>
      <trkpt lat="41.43249" lon="-77.29362"><ele>263.6</ele></trkpt>
      <trkpt lat="41.43291" lon="-77.29292"><ele>264.7</ele></trkpt>
      <trkpt lat="41.43303" lon="-77.29268"><ele>265.0</ele></trkpt>
      <trkpt lat="41.43304" lon="-77.29268"><ele>265.0</ele></trkpt>
      <trkpt lat="41.43318" lon="-77.29237"><ele>265.5</ele></trkpt>
      <trkpt lat="41.4333" lon="-77.29207"><ele>266.1</ele></trkpt>
      <trkpt lat="41.4334" lon="-77.29181"><ele>266.5</ele></trkpt>
      <trkpt lat="41.433459" lon="-77.2916"><ele>266.9</ele></trkpt>
      <trkpt lat="41.43349" lon="-77.29146"><ele>267.2</ele></trkpt>
      <trkpt lat="41.4335" lon="-77.29139"><ele>267.3</ele></trkpt>
      <trkpt lat="41.433549" lon="-77.29115"><ele>267.7</ele></trkpt>
      <trkpt lat="41.43363" lon="-77.29069"><ele>268.4</ele></trkpt>
      <trkpt lat="41.43372" lon="-77.290229"><ele>268.8</ele></trkpt>
      <trkpt lat="41.43385" lon="-77.28961"><ele>269.4</ele></trkpt>
      <trkpt lat="41.43386" lon="-77.28956"><ele>269.4</ele></trkpt>
      <trkpt lat="41.43392" lon="-77.28922"><ele>269.5</ele></trkpt>
      <trkpt lat="41.43397" lon="-77.28903"><ele>269.5</ele></trkpt>
      <trkpt lat="41.43401" lon="-77.28894"><ele>269.4</ele></trkpt>
      <trkpt lat="41.43406" lon="-77.288839"><ele>269.3</ele></trkpt>
      <trkpt lat="41.434109" lon="-77.28879"><ele>269.3</ele></trkpt>
      <trkpt lat="41.43415" lon="-77.28876"><ele>269.3</ele></trkpt>
      <trkpt lat="41.4342" lon="-77.28874"><ele>269.2</ele></trkpt>
      <trkpt lat="41.43426" lon="-77.28874"><ele>269.2</ele></trkpt>
      <trkpt lat="41.4345" lon="-77.288749"><ele>269.1</ele></trkpt>
      <trkpt lat="41.43522" lon="-77.28879"><ele>268.8</ele></trkpt>
      <trkpt lat="41.43522" lon="-77.28879"><ele>268.8</ele></trkpt>
      <trkpt lat="41.43524" lon="-77.28892"><ele>268.7</ele></trkpt>
      <trkpt lat="41.43527" lon="-77.28905"><ele>268.6</ele></trkpt>
      <trkpt lat="41.43531" lon="-77.28916"><ele>268.6</ele></trkpt>
      <trkpt lat="41.43533" lon="-77.28921"><ele>268.7</ele></trkpt>
      <trkpt lat="41.43541" lon="-77.28938"><ele>268.9</ele></trkpt>
      <trkpt lat="41.435609" lon="-77.28976"><ele>269.5</ele></trkpt>
      <trkpt lat="41.43576" lon="-77.29002"><ele>270.0</ele></trkpt>
      <trkpt lat="41.43579" lon="-77.29008"><ele>270.1</ele></trkpt>
      <trkpt lat="41.43589" lon="-77.29022"><ele>270.4</ele></trkpt>
      <trkpt lat="41.43595" lon="-77.29029"><ele>270.6</ele></trkpt>
      <trkpt lat="41.43602" lon="-77.29034"><ele>271.6</ele></trkpt>
      <trkpt lat="41.43614" lon="-77.29039"><ele>273.8</ele></trkpt>
      <trkpt lat="41.43623" lon="-77.29042"><ele>276.0</ele></trkpt>
      <trkpt lat="41.43633" lon="-77.29044"><ele>277.2</ele></trkpt>
      <trkpt lat="41.43657" lon="-77.29048"><ele>278.0</ele></trkpt>
      <trkpt lat="41.43668" lon="-77.29049"><ele>278.2</ele></trkpt>
      <trkpt lat="41.43679" lon="-77.29052"><ele>278.7</ele></trkpt>
      <trkpt lat="41.43688" lon="-77.290539"><ele>278.6</ele></trkpt>
      <trkpt lat="41.43698" lon="-77.2906"><ele>279.7</ele></trkpt>
      <trkpt lat="41.43719" lon="-77.29075"><ele>283.1</ele></trkpt>
      <trkpt lat="41.43724" lon="-77.29079"><ele>283.1</ele></trkpt>
      <trkpt lat="41.43736" lon="-77.29088"><ele>283.0</ele></trkpt>
      <trkpt lat="41.43755" lon="-77.29103"><ele>283.5</ele></trkpt>
      <trkpt lat="41.43782" lon="-77.29124"><ele>284.2</ele></trkpt>
      <trkpt lat="41.437869" lon="-77.29127"><ele>283.9</ele></trkpt>
      <trkpt lat="41.43883" lon="-77.29208"><ele>289.8</ele></trkpt>
      <trkpt lat="41.43905" lon="-77.29229"><ele>289.4</ele></trkpt>
      <trkpt lat="41.43908" lon="-77.29231"><ele>289.3</ele></trkpt>
      <trkpt lat="41.43935" lon="-77.29259"><ele>289.3</ele></trkpt>
      <trkpt lat="41.43953" lon="-77.29281"><ele>289.7</ele></trkpt>
      <trkpt lat="41.43972" lon="-77.29306"><ele>290.0</ele></trkpt>
      <trkpt lat="41.43987" lon="-77.29328"><ele>290.3</ele></trkpt>
      <trkpt lat="41.43997" lon="-77.29343"><ele>290.8</ele></trkpt>
      <trkpt lat="41.440219" lon="-77.29375"><ele>291.3</ele></trkpt>
      <trkpt lat="41.44025" lon="-77.29379"><ele>291.3</ele></trkpt>
      <trkpt lat="41.44037" lon="-77.29397"><ele>291.5</ele></trkpt>
      <trkpt lat="41.44044" lon="-77.29406"><ele>291.5</ele></trkpt>
      <trkpt lat="41.44051" lon="-77.29414"><ele>291.6</ele></trkpt>
      <trkpt lat="41.44075" lon="-77.2944"><ele>295.1</ele></trkpt>
      <trkpt lat="41.44079" lon="-77.29443"><ele>295.2</ele></trkpt>
      <trkpt lat="41.44101" lon="-77.29464"><ele>295.6</ele></trkpt>
      <trkpt lat="41.44108" lon="-77.29471"><ele>295.6</ele></trkpt>
      <trkpt lat="41.44122" lon="-77.294839"><ele>295.6</ele></trkpt>
      <trkpt lat="41.44153" lon="-77.2951"><ele>296.3</ele></trkpt>
      <trkpt lat="41.44164" lon="-77.29519"><ele>296.6</ele></trkpt>
      <trkpt lat="41.44173" lon="-77.29528"><ele>296.9</ele></trkpt>
      <trkpt lat="41.44186" lon="-77.29544"><ele>297.2</ele></trkpt>
      <trkpt lat="41.44195" lon="-77.29555"><ele>297.2</ele></trkpt>
      <trkpt lat="41.44212" lon="-77.295779"><ele>297.2</ele></trkpt>
      <trkpt lat="41.442369" lon="-77.29612"><ele>297.1</ele></trkpt>
      <trkpt lat="41.44245" lon="-77.29624"><ele>297.0</ele></trkpt>
      <trkpt lat="41.44254" lon="-77.29638"><ele>296.9</ele></trkpt>
      <trkpt lat="41.44263" lon="-77.29655"><ele>296.6</ele></trkpt>
      <trkpt lat="41.442659" lon="-77.29662"><ele>296.6</ele></trkpt>
      <trkpt lat="41.44279" lon="-77.29689"><ele>295.9</ele></trkpt>
      <trkpt lat="41.44287" lon="-77.2971"><ele>296.1</ele></trkpt>
      <trkpt lat="41.44308" lon="-77.29769"><ele>299.0</ele></trkpt>
      <trkpt lat="41.44312" lon="-77.2978"><ele>300.5</ele></trkpt>
      <trkpt lat="41.44316" lon="-77.2979"><ele>301.2</ele></trkpt>
      <trkpt lat="41.443399" lon="-77.2985"><ele>302.3</ele></trkpt>
      <trkpt lat="41.44344" lon="-77.29863"><ele>302.5</ele></trkpt>
      <trkpt lat="41.44354" lon="-77.29897"><ele>302.5</ele></trkpt>
      <trkpt lat="41.44355" lon="-77.29898"><ele>302.5</ele></trkpt>
      <trkpt lat="41.44364" lon="-77.29923"><ele>302.9</ele></trkpt>
      <trkpt lat="41.44373" lon="-77.29946"><ele>303.1</ele></trkpt>
      <trkpt lat="41.4438" lon="-77.29962"><ele>303.4</ele></trkpt>
      <trkpt lat="41.44383" lon="-77.29967"><ele>303.4</ele></trkpt>
      <trkpt lat="41.44391" lon="-77.299809"><ele>303.4</ele></trkpt>
      <trkpt lat="41.44393" lon="-77.29984"><ele>303.3</ele></trkpt>
      <trkpt lat="41.44402" lon="-77.29998"><ele>303.1</ele></trkpt>
      <trkpt lat="41.4441" lon="-77.3001"><ele>302.8</ele></trkpt>
      <trkpt lat="41.44431" lon="-77.30034"><ele>301.7</ele></trkpt>
      <trkpt lat="41.44455" lon="-77.30064"><ele>301.8</ele></trkpt>
      <trkpt lat="41.444629" lon="-77.30073"><ele>301.8</ele></trkpt>
      <trkpt lat="41.44469" lon="-77.3008"><ele>301.9</ele></trkpt>
      <trkpt lat="41.44483" lon="-77.30095"><ele>302.3</ele></trkpt>
      <trkpt lat="41.44488" lon="-77.30101"><ele>302.8</ele></trkpt>
      <trkpt lat="41.44498" lon="-77.30112"><ele>303.5</ele></trkpt>
      <trkpt lat="41.44513" lon="-77.30126"><ele>303.7</ele></trkpt>
      <trkpt lat="41.44538" lon="-77.30154"><ele>304.8</ele></trkpt>
      <trkpt lat="41.44539" lon="-77.30155"><ele>304.8</ele></trkpt>
      <trkpt lat="41.44553" lon="-77.301689"><ele>305.3</ele></trkpt>
      <trkpt lat="41.44559" lon="-77.30175"><ele>306.3</ele></trkpt>
      <trkpt lat="41.445839" lon="-77.30195"><ele>308.3</ele></trkpt>
      <trkpt lat="41.4459" lon="-77.302"><ele>308.5</ele></trkpt>
      <trkpt lat="41.44599" lon="-77.30207"><ele>308.6</ele></trkpt>
      <trkpt lat="41.44606" lon="-77.30212"><ele>308.5</ele></trkpt>
      <trkpt lat="41.44616" lon="-77.30217"><ele>308.4</ele></trkpt>
      <trkpt lat="41.44621" lon="-77.30219"><ele>308.3</ele></trkpt>
      <trkpt lat="41.4464" lon="-77.3023"><ele>307.6</ele></trkpt>
      <trkpt lat="41.44649" lon="-77.302359"><ele>307.4</ele></trkpt>
      <trkpt lat="41.44658" lon="-77.30243"><ele>307.3</ele></trkpt>
      <trkpt lat="41.44666" lon="-77.30249"><ele>307.3</ele></trkpt>
      <trkpt lat="41.44679" lon="-77.30262"><ele>307.3</ele></trkpt>
      <trkpt lat="41.44688" lon="-77.3027"><ele>307.2</ele></trkpt>
      <trkpt lat="41.44694" lon="-77.30276"><ele>307.2</ele></trkpt>
      <trkpt lat="41.44701" lon="-77.30284"><ele>307.5</ele></trkpt>
      <trkpt lat="41.44715" lon="-77.30301"><ele>307.9</ele></trkpt>
      <trkpt lat="41.44722" lon="-77.30313"><ele>308.5</ele></trkpt>
      <trkpt lat="41.44732" lon="-77.303299"><ele>310.5</ele></trkpt>
      <trkpt lat="41.4474" lon="-77.303479"><ele>312.7</ele></trkpt>
      <trkpt lat="41.44747" lon="-77.30363"><ele>314.0</ele></trkpt>
      <trkpt lat="41.44753" lon="-77.30372"><ele>314.4</ele></trkpt>
      <trkpt lat="41.44775" lon="-77.30402"><ele>318.2</ele></trkpt>
      <trkpt lat="41.4478" lon="-77.30408"><ele>318.8</ele></trkpt>
      <trkpt lat="41.44802" lon="-77.30435"><ele>319.9</ele></trkpt>
      <trkpt lat="41.44841" lon="-77.30484"><ele>325.0</ele></trkpt>
      <trkpt lat="41.44855" lon="-77.305"><ele>325.3</ele></trkpt>
      <trkpt lat="41.44874" lon="-77.30523"><ele>325.7</ele></trkpt>
      <trkpt lat="41.44887" lon="-77.30537"><ele>325.8</ele></trkpt>
      <trkpt lat="41.44896" lon="-77.30546"><ele>325.9</ele></trkpt>
      <trkpt lat="41.44911" lon="-77.3056"><ele>326.0</ele></trkpt>
      <trkpt lat="41.4493" lon="-77.30579"><ele>326.2</ele></trkpt>
      <trkpt lat="41.44948" lon="-77.30596"><ele>326.4</ele></trkpt>
      <trkpt lat="41.44959" lon="-77.30602"><ele>326.1</ele></trkpt>
      <trkpt lat="41.44972" lon="-77.30609"><ele>325.8</ele></trkpt>
      <trkpt lat="41.45005" lon="-77.30628"><ele>325.2</ele></trkpt>
      <trkpt lat="41.45012" lon="-77.30631"><ele>325.0</ele></trkpt>
      <trkpt lat="41.45039" lon="-77.30646"><ele>325.1</ele></trkpt>
      <trkpt lat="41.45073" lon="-77.3066"><ele>325.4</ele></trkpt>
      <trkpt lat="41.45083" lon="-77.30664"><ele>327.0</ele></trkpt>
      <trkpt lat="41.45107" lon="-77.306749"><ele>330.2</ele></trkpt>
      <trkpt lat="41.45115" lon="-77.30679"><ele>330.3</ele></trkpt>
      <trkpt lat="41.45125" lon="-77.30685"><ele>330.6</ele></trkpt>
      <trkpt lat="41.45134" lon="-77.3069"><ele>330.8</ele></trkpt>
      <trkpt lat="41.45159" lon="-77.30706"><ele>331.8</ele></trkpt>
      <trkpt lat="41.45168" lon="-77.30711"><ele>332.0</ele></trkpt>
      <trkpt lat="41.45185" lon="-77.30716"><ele>332.0</ele></trkpt>
      <trkpt lat="41.452" lon="-77.30719"><ele>332.0</ele></trkpt>
      <trkpt lat="41.45209" lon="-77.30719"><ele>331.7</ele></trkpt>
      <trkpt lat="41.45224" lon="-77.3072"><ele>331.5</ele></trkpt>
      <trkpt lat="41.45241" lon="-77.30718"><ele>331.1</ele></trkpt>
      <trkpt lat="41.45244" lon="-77.30717"><ele>331.0</ele></trkpt>
      <trkpt lat="41.45262" lon="-77.30714"><ele>330.9</ele></trkpt>
      <trkpt lat="41.45275" lon="-77.30711"><ele>330.8</ele></trkpt>
      <trkpt lat="41.452979" lon="-77.30708"><ele>330.8</ele></trkpt>
      <trkpt lat="41.45304" lon="-77.30708"><ele>330.9</ele></trkpt>
      <trkpt lat="41.453159" lon="-77.30707"><ele>330.9</ele></trkpt>
      <trkpt lat="41.45324" lon="-77.30707"><ele>331.0</ele></trkpt>
      <trkpt lat="41.45329" lon="-77.30709"><ele>331.1</ele></trkpt>
      <trkpt lat="41.45332" lon="-77.30711"><ele>331.3</ele></trkpt>
      <trkpt lat="41.45332" lon="-77.30711"><ele>331.3</ele></trkpt>
      <trkpt lat="41.45337" lon="-77.30705"><ele>330.7</ele></trkpt>
      <trkpt lat="41.45343" lon="-77.307"><ele>330.0</ele></trkpt>
      <trkpt lat="41.45347" lon="-77.30699"><ele>329.8</ele></trkpt>
      <trkpt lat="41.45351" lon="-77.30697"><ele>329.4</ele></trkpt>
      <trkpt lat="41.45366" lon="-77.30691"><ele>328.4</ele></trkpt>
      <trkpt lat="41.45377" lon="-77.30686"><ele>328.3</ele></trkpt>
      <trkpt lat="41.45387" lon="-77.30679"><ele>329.9</ele></trkpt>
      <trkpt lat="41.45395" lon="-77.30669"><ele>333.5</ele></trkpt>
      <trkpt lat="41.45396" lon="-77.30668"><ele>333.9</ele></trkpt>
      <trkpt lat="41.45408" lon="-77.30652"><ele>335.8</ele></trkpt>
      <trkpt lat="41.45411" lon="-77.30649"><ele>336.0</ele></trkpt>
      <trkpt lat="41.454569" lon="-77.30598"><ele>336.8</ele></trkpt>
      <trkpt lat="41.45478" lon="-77.30576"><ele>336.7</ele></trkpt>
      <trkpt lat="41.45481" lon="-77.305719"><ele>336.7</ele></trkpt>
      <trkpt lat="41.45494" lon="-77.30562"><ele>337.1</ele></trkpt>
      <trkpt lat="41.45508" lon="-77.305539"><ele>337.4</ele></trkpt>
      <trkpt lat="41.45509" lon="-77.305539"><ele>337.5</ele></trkpt>
      <trkpt lat="41.45528" lon="-77.3055"><ele>337.8</ele></trkpt>
      <trkpt lat="41.45539" lon="-77.3055"><ele>338.2</ele></trkpt>
      <trkpt lat="41.45545" lon="-77.3055"><ele>338.4</ele></trkpt>
      <trkpt lat="41.45553" lon="-77.3055"><ele>339.1</ele></trkpt>
      <trkpt lat="41.45569" lon="-77.305539"><ele>341.0</ele></trkpt>
      <trkpt lat="41.45591" lon="-77.30562"><ele>342.1</ele></trkpt>
      <trkpt lat="41.45612" lon="-77.30566"><ele>342.5</ele></trkpt>
      <trkpt lat="41.456159" lon="-77.30566"><ele>342.5</ele></trkpt>
      <trkpt lat="41.45634" lon="-77.30567"><ele>342.6</ele></trkpt>
      <trkpt lat="41.45652" lon="-77.30566"><ele>342.8</ele></trkpt>
      <trkpt lat="41.45669" lon="-77.30565"><ele>343.3</ele></trkpt>
      <trkpt lat="41.45688" lon="-77.305629"><ele>343.4</ele></trkpt>
      <trkpt lat="41.45706" lon="-77.3056"><ele>344.8</ele></trkpt>
      <trkpt lat="41.45741" lon="-77.3055"><ele>348.2</ele></trkpt>
      <trkpt lat="41.45764" lon="-77.30544"><ele>349.2</ele></trkpt>
      <trkpt lat="41.45776" lon="-77.30541"><ele>349.5</ele></trkpt>
      <trkpt lat="41.45813" lon="-77.30533"><ele>349.7</ele></trkpt>
      <trkpt lat="41.45821" lon="-77.30532"><ele>349.9</ele></trkpt>
      <trkpt lat="41.4583" lon="-77.3053"><ele>350.2</ele></trkpt>
      <trkpt lat="41.45841" lon="-77.30531"><ele>350.8</ele></trkpt>
      <trkpt lat="41.45845" lon="-77.30532"><ele>351.1</ele></trkpt>
      <trkpt lat="41.45848" lon="-77.30533"><ele>351.2</ele></trkpt>
      <trkpt lat="41.45861" lon="-77.30537"><ele>351.8</ele></trkpt>
      <trkpt lat="41.45876" lon="-77.30544"><ele>352.8</ele></trkpt>
      <trkpt lat="41.458799" lon="-77.30546"><ele>353.1</ele></trkpt>
      <trkpt lat="41.45903" lon="-77.305539"><ele>356.7</ele></trkpt>
      <trkpt lat="41.45915" lon="-77.30557"><ele>357.1</ele></trkpt>
      <trkpt lat="41.45918" lon="-77.30558"><ele>357.1</ele></trkpt>
      <trkpt lat="41.45926" lon="-77.30559"><ele>357.2</ele></trkpt>
      <trkpt lat="41.45941" lon="-77.30558"><ele>357.6</ele></trkpt>
      <trkpt lat="41.45951" lon="-77.30556"><ele>357.8</ele></trkpt>
      <trkpt lat="41.45952" lon="-77.30556"><ele>357.8</ele></trkpt>
      <trkpt lat="41.45968" lon="-77.30551"><ele>358.3</ele></trkpt>
      <trkpt lat="41.45986" lon="-77.30546"><ele>358.8</ele></trkpt>
      <trkpt lat="41.46013" lon="-77.30539"><ele>359.9</ele></trkpt>
      <trkpt lat="41.460209" lon="-77.30537"><ele>360.7</ele></trkpt>
      <trkpt lat="41.46026" lon="-77.305359"><ele>361.8</ele></trkpt>
      <trkpt lat="41.46047" lon="-77.30534"><ele>364.9</ele></trkpt>
      <trkpt lat="41.46093" lon="-77.30534"><ele>369.8</ele></trkpt>
      <trkpt lat="41.46109" lon="-77.30533"><ele>370.6</ele></trkpt>
      <trkpt lat="41.46111" lon="-77.30533"><ele>370.7</ele></trkpt>
      <trkpt lat="41.46138" lon="-77.30534"><ele>371.4</ele></trkpt>
      <trkpt lat="41.461509" lon="-77.30534"><ele>371.5</ele></trkpt>
      <trkpt lat="41.46163" lon="-77.30533"><ele>371.6</ele></trkpt>
      <trkpt lat="41.46165" lon="-77.30533"><ele>371.5</ele></trkpt>
      <trkpt lat="41.46195" lon="-77.305269"><ele>371.8</ele></trkpt>
      <trkpt lat="41.462" lon="-77.305269"><ele>371.7</ele></trkpt>
      <trkpt lat="41.46202" lon="-77.305269"><ele>371.6</ele></trkpt>
      <trkpt lat="41.462179" lon="-77.30528"><ele>371.0</ele></trkpt>
      <trkpt lat="41.4622" lon="-77.30528"><ele>371.0</ele></trkpt>
      <trkpt lat="41.4624" lon="-77.30532"><ele>370.8</ele></trkpt>
      <trkpt lat="41.46252" lon="-77.305359"><ele>370.4</ele></trkpt>
      <trkpt lat="41.46254" lon="-77.305359"><ele>370.5</ele></trkpt>
      <trkpt lat="41.46276" lon="-77.30544"><ele>369.5</ele></trkpt>
      <trkpt lat="41.46288" lon="-77.30546"><ele>369.3</ele></trkpt>
      <trkpt lat="41.46289" lon="-77.30547"><ele>369.1</ele></trkpt>
      <trkpt lat="41.46304" lon="-77.30548"><ele>369.4</ele></trkpt>
      <trkpt lat="41.46307" lon="-77.30548"><ele>369.5</ele></trkpt>
      <trkpt lat="41.46327" lon="-77.30548"><ele>371.7</ele></trkpt>
      <trkpt lat="41.46338" lon="-77.30546"><ele>374.2</ele></trkpt>
      <trkpt lat="41.463859" lon="-77.30541"><ele>379.1</ele></trkpt>
      <trkpt lat="41.46401" lon="-77.3054"><ele>380.0</ele></trkpt>
      <trkpt lat="41.464329" lon="-77.3054"><ele>383.1</ele></trkpt>
      <trkpt lat="41.46439" lon="-77.30539"><ele>383.8</ele></trkpt>
      <trkpt lat="41.46447" lon="-77.3054"><ele>384.1</ele></trkpt>
      <trkpt lat="41.4645" lon="-77.30541"><ele>384.0</ele></trkpt>
      <trkpt lat="41.46454" lon="-77.30541"><ele>384.4</ele></trkpt>
      <trkpt lat="41.46463" lon="-77.30544"><ele>384.5</ele></trkpt>
      <trkpt lat="41.46479" lon="-77.3055"><ele>384.1</ele></trkpt>
      <trkpt lat="41.46503" lon="-77.30555"><ele>387.9</ele></trkpt>
      <trkpt lat="41.46507" lon="-77.30556"><ele>388.3</ele></trkpt>
      <trkpt lat="41.46521" lon="-77.30557"><ele>389.4</ele></trkpt>
      <trkpt lat="41.46539" lon="-77.30558"><ele>390.2</ele></trkpt>
      <trkpt lat="41.46575" lon="-77.30561"><ele>393.7</ele></trkpt>
      <trkpt lat="41.46577" lon="-77.30561"><ele>393.8</ele></trkpt>
      <trkpt lat="41.46593" lon="-77.305629"><ele>394.0</ele></trkpt>
      <trkpt lat="41.46611" lon="-77.30565"><ele>394.3</ele></trkpt>
      <trkpt lat="41.46613" lon="-77.30565"><ele>394.4</ele></trkpt>
      <trkpt lat="41.46629" lon="-77.30568"><ele>394.4</ele></trkpt>
      <trkpt lat="41.46634" lon="-77.30569"><ele>394.2</ele></trkpt>
      <trkpt lat="41.46665" lon="-77.305719"><ele>389.3</ele></trkpt>
      <trkpt lat="41.46692" lon="-77.30574"><ele>387.9</ele></trkpt>
      <trkpt lat="41.46711" lon="-77.30573"><ele>387.8</ele></trkpt>
      <trkpt lat="41.46719" lon="-77.30573"><ele>387.3</ele></trkpt>
      <trkpt lat="41.46743" lon="-77.3057"><ele>387.0</ele></trkpt>
      <trkpt lat="41.468089" lon="-77.30565"><ele>388.3</ele></trkpt>
      <trkpt lat="41.46826" lon="-77.30567"><ele>390.8</ele></trkpt>
      <trkpt lat="41.46844" lon="-77.30568"><ele>392.5</ele></trkpt>
      <trkpt lat="41.46848" lon="-77.30568"><ele>392.6</ele></trkpt>
      <trkpt lat="41.468649" lon="-77.30568"><ele>393.1</ele></trkpt>
      <trkpt lat="41.46871" lon="-77.30567"><ele>393.4</ele></trkpt>
      <trkpt lat="41.46881" lon="-77.30564"><ele>394.4</ele></trkpt>
      <trkpt lat="41.46892" lon="-77.30562"><ele>395.6</ele></trkpt>
      <trkpt lat="41.46898" lon="-77.30561"><ele>396.4</ele></trkpt>
      <trkpt lat="41.46937" lon="-77.30557"><ele>398.5</ele></trkpt>
      <trkpt lat="41.46951" lon="-77.30555"><ele>398.4</ele></trkpt>
      <trkpt lat="41.46969" lon="-77.30551"><ele>398.1</ele></trkpt>
      <trkpt lat="41.46982" lon="-77.30549"><ele>397.8</ele></trkpt>
      <trkpt lat="41.46987" lon="-77.30549"><ele>397.8</ele></trkpt>
      <trkpt lat="41.46993" lon="-77.30548"><ele>397.8</ele></trkpt>
      <trkpt lat="41.47025" lon="-77.30548"><ele>398.0</ele></trkpt>
      <trkpt lat="41.47041" lon="-77.30549"><ele>398.5</ele></trkpt>
      <trkpt lat="41.47055" lon="-77.3055"><ele>398.9</ele></trkpt>
      <trkpt lat="41.47059" lon="-77.3055"><ele>399.0</ele></trkpt>
      <trkpt lat="41.47081" lon="-77.30553"><ele>399.6</ele></trkpt>
      <trkpt lat="41.47095" lon="-77.30557"><ele>399.7</ele></trkpt>
      <trkpt lat="41.47112" lon="-77.30561"><ele>402.0</ele></trkpt>
      <trkpt lat="41.471269" lon="-77.30562"><ele>403.4</ele></trkpt>
      <trkpt lat="41.4713" lon="-77.305629"><ele>403.5</ele></trkpt>
      <trkpt lat="41.47136" lon="-77.30561"><ele>403.9</ele></trkpt>
      <trkpt lat="41.47148" lon="-77.30559"><ele>404.4</ele></trkpt>
      <trkpt lat="41.47153" lon="-77.30557"><ele>404.6</ele></trkpt>
      <trkpt lat="41.47166" lon="-77.30557"><ele>404.9</ele></trkpt>
      <trkpt lat="41.47178" lon="-77.30556"><ele>404.8</ele></trkpt>
      <trkpt lat="41.47184" lon="-77.30556"><ele>404.9</ele></trkpt>
      <trkpt lat="41.472029" lon="-77.30556"><ele>406.0</ele></trkpt>
      <trkpt lat="41.4724" lon="-77.30557"><ele>410.1</ele></trkpt>
      <trkpt lat="41.47258" lon="-77.30558"><ele>412.4</ele></trkpt>
      <trkpt lat="41.47272" lon="-77.3056"><ele>413.7</ele></trkpt>
      <trkpt lat="41.47284" lon="-77.305629"><ele>415.4</ele></trkpt>
      <trkpt lat="41.47291" lon="-77.30566"><ele>416.0</ele></trkpt>
      <trkpt lat="41.47303" lon="-77.3057"><ele>416.4</ele></trkpt>
      <trkpt lat="41.47311" lon="-77.305719"><ele>416.4</ele></trkpt>
      <trkpt lat="41.47325" lon="-77.30575"><ele>416.2</ele></trkpt>
      <trkpt lat="41.47326" lon="-77.30575"><ele>416.2</ele></trkpt>
      <trkpt lat="41.47331" lon="-77.30574"><ele>416.3</ele></trkpt>
      <trkpt lat="41.47337" lon="-77.30571"><ele>416.6</ele></trkpt>
      <trkpt lat="41.47342" lon="-77.30567"><ele>417.0</ele></trkpt>
      <trkpt lat="41.47343" lon="-77.30566"><ele>417.1</ele></trkpt>
      <trkpt lat="41.47346" lon="-77.305629"><ele>417.4</ele></trkpt>
      <trkpt lat="41.47354" lon="-77.305539"><ele>418.2</ele></trkpt>
      <trkpt lat="41.47356" lon="-77.3055"><ele>418.6</ele></trkpt>
      <trkpt lat="41.47367" lon="-77.30534"><ele>420.0</ele></trkpt>
      <trkpt lat="41.4738" lon="-77.30514"><ele>423.4</ele></trkpt>
      <trkpt lat="41.47389" lon="-77.30505"><ele>425.4</ele></trkpt>
      <trkpt lat="41.47403" lon="-77.30493"><ele>426.9</ele></trkpt>
      <trkpt lat="41.4741" lon="-77.30489"><ele>427.2</ele></trkpt>
      <trkpt lat="41.47426" lon="-77.304779"><ele>429.1</ele></trkpt>
      <trkpt lat="41.47443" lon="-77.3047"><ele>431.1</ele></trkpt>
      <trkpt lat="41.47451" lon="-77.30467"><ele>431.4</ele></trkpt>
      <trkpt lat="41.47481" lon="-77.30455"><ele>432.1</ele></trkpt>
      <trkpt lat="41.4749" lon="-77.3045"><ele>432.6</ele></trkpt>
      <trkpt lat="41.47498" lon="-77.30446"><ele>432.9</ele></trkpt>
      <trkpt lat="41.47531" lon="-77.30419"><ele>437.0</ele></trkpt>
      <trkpt lat="41.475409" lon="-77.30411"><ele>437.7</ele></trkpt>
      <trkpt lat="41.47554" lon="-77.30402"><ele>438.5</ele></trkpt>
      <trkpt lat="41.4756" lon="-77.30396"><ele>439.3</ele></trkpt>
      <trkpt lat="41.4757" lon="-77.30383"><ele>441.0</ele></trkpt>
      <trkpt lat="41.47598" lon="-77.303479"><ele>441.5</ele></trkpt>
      <trkpt lat="41.47602" lon="-77.30341"><ele>441.6</ele></trkpt>
      <trkpt lat="41.47608" lon="-77.30332"><ele>442.0</ele></trkpt>
      <trkpt lat="41.47611" lon="-77.30326"><ele>442.3</ele></trkpt>
      <trkpt lat="41.47628" lon="-77.30294"><ele>444.5</ele></trkpt>
      <trkpt lat="41.47628" lon="-77.30292"><ele>444.8</ele></trkpt>
      <trkpt lat="41.47647" lon="-77.30251"><ele>449.4</ele></trkpt>
      <trkpt lat="41.47655" lon="-77.30235"><ele>450.2</ele></trkpt>
      <trkpt lat="41.47656" lon="-77.30231"><ele>450.5</ele></trkpt>
      <trkpt lat="41.47672" lon="-77.301869"><ele>455.0</ele></trkpt>
      <trkpt lat="41.47679" lon="-77.30166"><ele>455.7</ele></trkpt>
      <trkpt lat="41.47689" lon="-77.30146"><ele>456.1</ele></trkpt>
      <trkpt lat="41.47689" lon="-77.30145"><ele>456.1</ele></trkpt>
      <trkpt lat="41.47699" lon="-77.30125"><ele>456.5</ele></trkpt>
      <trkpt lat="41.47711" lon="-77.30104"><ele>456.8</ele></trkpt>
      <trkpt lat="41.47722" lon="-77.30089"><ele>456.9</ele></trkpt>
      <trkpt lat="41.47726" lon="-77.300839"><ele>457.0</ele></trkpt>
      <trkpt lat="41.47736" lon="-77.30073"><ele>456.9</ele></trkpt>
      <trkpt lat="41.47748" lon="-77.30059"><ele>456.9</ele></trkpt>
      <trkpt lat="41.47749" lon="-77.30058"><ele>456.9</ele></trkpt>
      <trkpt lat="41.47764" lon="-77.30042"><ele>456.9</ele></trkpt>
      <trkpt lat="41.47772" lon="-77.30032"><ele>457.2</ele></trkpt>
      <trkpt lat="41.47789" lon="-77.30009"><ele>459.7</ele></trkpt>
      <trkpt lat="41.47798" lon="-77.29997"><ele>461.0</ele></trkpt>
      <trkpt lat="41.47811" lon="-77.29984"><ele>461.7</ele></trkpt>
      <trkpt lat="41.47864" lon="-77.29943"><ele>464.0</ele></trkpt>
      <trkpt lat="41.47895" lon="-77.29919"><ele>466.4</ele></trkpt>
      <trkpt lat="41.47899" lon="-77.29915"><ele>466.6</ele></trkpt>
      <trkpt lat="41.4791" lon="-77.29906"><ele>466.8</ele></trkpt>
      <trkpt lat="41.4794" lon="-77.2988"><ele>468.3</ele></trkpt>
      <trkpt lat="41.47947" lon="-77.29874"><ele>468.5</ele></trkpt>
      <trkpt lat="41.47955" lon="-77.29867"><ele>468.9</ele></trkpt>
      <trkpt lat="41.47964" lon="-77.29858"><ele>469.0</ele></trkpt>
      <trkpt lat="41.47972" lon="-77.2985"><ele>469.2</ele></trkpt>
      <trkpt lat="41.47975" lon="-77.29845"><ele>469.3</ele></trkpt>
      <trkpt lat="41.47978" lon="-77.29841"><ele>469.4</ele></trkpt>
      <trkpt lat="41.47992" lon="-77.29816"><ele>470.8</ele></trkpt>
      <trkpt lat="41.47997" lon="-77.29805"><ele>471.3</ele></trkpt>
      <trkpt lat="41.48003" lon="-77.29796"><ele>471.6</ele></trkpt>
      <trkpt lat="41.480089" lon="-77.29789"><ele>471.7</ele></trkpt>
      <trkpt lat="41.48018" lon="-77.2978"><ele>471.9</ele></trkpt>
      <trkpt lat="41.48032" lon="-77.29768"><ele>472.5</ele></trkpt>
      <trkpt lat="41.48036" lon="-77.29764"><ele>472.7</ele></trkpt>
      <trkpt lat="41.48045" lon="-77.29758"><ele>473.2</ele></trkpt>
      <trkpt lat="41.48048" lon="-77.297569"><ele>473.4</ele></trkpt>
      <trkpt lat="41.4805" lon="-77.29756"><ele>473.6</ele></trkpt>
      <trkpt lat="41.48062" lon="-77.29754"><ele>474.2</ele></trkpt>
      <trkpt lat="41.48072" lon="-77.29753"><ele>474.7</ele></trkpt>
      <trkpt lat="41.48092" lon="-77.29753"><ele>475.9</ele></trkpt>
      <trkpt lat="41.4812" lon="-77.29752"><ele>477.2</ele></trkpt>
      <trkpt lat="41.48156" lon="-77.2975"><ele>478.7</ele></trkpt>
      <trkpt lat="41.48165" lon="-77.29749"><ele>479.1</ele></trkpt>
      <trkpt lat="41.48182" lon="-77.29744"><ele>480.0</ele></trkpt>
      <trkpt lat="41.48191" lon="-77.29741"><ele>480.4</ele></trkpt>
      <trkpt lat="41.48196" lon="-77.297389"><ele>480.6</ele></trkpt>
      <trkpt lat="41.48204" lon="-77.29736"><ele>480.8</ele></trkpt>
      <trkpt lat="41.48214" lon="-77.29734"><ele>481.1</ele></trkpt>
      <trkpt lat="41.48229" lon="-77.29732"><ele>481.3</ele></trkpt>
      <trkpt lat="41.482349" lon="-77.29732"><ele>481.3</ele></trkpt>
      <trkpt lat="41.482439" lon="-77.29733"><ele>481.3</ele></trkpt>
      <trkpt lat="41.48246" lon="-77.29733"><ele>481.3</ele></trkpt>
      <trkpt lat="41.48251" lon="-77.29734"><ele>481.2</ele></trkpt>
      <trkpt lat="41.48263" lon="-77.29738"><ele>481.2</ele></trkpt>
      <trkpt lat="41.48268" lon="-77.29741"><ele>481.2</ele></trkpt>
      <trkpt lat="41.48274" lon="-77.29744"><ele>481.6</ele></trkpt>
      <trkpt lat="41.48279" lon="-77.29746"><ele>482.1</ele></trkpt>
      <trkpt lat="41.482909" lon="-77.29751"><ele>483.7</ele></trkpt>
      <trkpt lat="41.48296" lon="-77.29752"><ele>484.4</ele></trkpt>
      <trkpt lat="41.48306" lon="-77.29753"><ele>485.6</ele></trkpt>
      <trkpt lat="41.48327" lon="-77.29751"><ele>487.6</ele></trkpt>
      <trkpt lat="41.48352" lon="-77.29752"><ele>489.7</ele></trkpt>
      <trkpt lat="41.48368" lon="-77.29753"><ele>491.6</ele></trkpt>
      <trkpt lat="41.48386" lon="-77.29754"><ele>493.4</ele></trkpt>
      <trkpt lat="41.48392" lon="-77.29755"><ele>493.9</ele></trkpt>
      <trkpt lat="41.48404" lon="-77.29756"><ele>494.8</ele></trkpt>
      <trkpt lat="41.48412" lon="-77.297569"><ele>495.3</ele></trkpt>
      <trkpt lat="41.48429" lon="-77.29763"><ele>496.6</ele></trkpt>
      <trkpt lat="41.48439" lon="-77.29768"><ele>497.4</ele></trkpt>
      <trkpt lat="41.48471" lon="-77.29782"><ele>499.6</ele></trkpt>
      <trkpt lat="41.48483" lon="-77.29787"><ele>500.4</ele></trkpt>
      <trkpt lat="41.4849" lon="-77.29788"><ele>500.7</ele></trkpt>
      <trkpt lat="41.48499" lon="-77.29791"><ele>501.1</ele></trkpt>
      <trkpt lat="41.48508" lon="-77.29792"><ele>501.3</ele></trkpt>
      <trkpt lat="41.48512" lon="-77.297929"><ele>501.5</ele></trkpt>
      <trkpt lat="41.48522" lon="-77.297929"><ele>502.0</ele></trkpt>
      <trkpt lat="41.48539" lon="-77.29792"><ele>502.9</ele></trkpt>
      <trkpt lat="41.48553" lon="-77.2979"><ele>503.6</ele></trkpt>
      <trkpt lat="41.48562" lon="-77.29788"><ele>504.0</ele></trkpt>
      <trkpt lat="41.4857" lon="-77.29786"><ele>504.3</ele></trkpt>
      <trkpt lat="41.48637" lon="-77.29771"><ele>506.7</ele></trkpt>
      <trkpt lat="41.4865" lon="-77.29769"><ele>508.3</ele></trkpt>
      <trkpt lat="41.48668" lon="-77.29765"><ele>510.3</ele></trkpt>
      <trkpt lat="41.48682" lon="-77.29763"><ele>511.0</ele></trkpt>
      <trkpt lat="41.48686" lon="-77.29762"><ele>511.2</ele></trkpt>
      <trkpt lat="41.48705" lon="-77.29759"><ele>512.1</ele></trkpt>
      <trkpt lat="41.48722" lon="-77.29756"><ele>513.3</ele></trkpt>
      <trkpt lat="41.48739" lon="-77.29752"><ele>514.8</ele></trkpt>
      <trkpt lat="41.48748" lon="-77.2975"><ele>515.6</ele></trkpt>
      <trkpt lat="41.48757" lon="-77.297479"><ele>516.1</ele></trkpt>
      <trkpt lat="41.48775" lon="-77.29743"><ele>517.0</ele></trkpt>
      <trkpt lat="41.48807" lon="-77.29735"><ele>518.0</ele></trkpt>
      <trkpt lat="41.48828" lon="-77.29731"><ele>518.2</ele></trkpt>
      <trkpt lat="41.48837" lon="-77.29729"><ele>518.3</ele></trkpt>
      <trkpt lat="41.48846" lon="-77.29727"><ele>518.4</ele></trkpt>
      <trkpt lat="41.48869" lon="-77.29724"><ele>518.4</ele></trkpt>
      <trkpt lat="41.488819" lon="-77.29722"><ele>518.3</ele></trkpt>
      <trkpt lat="41.48893" lon="-77.29721"><ele>518.1</ele></trkpt>
      <trkpt lat="41.48899" lon="-77.2972"><ele>517.9</ele></trkpt>
      <trkpt lat="41.48927" lon="-77.29716"><ele>517.6</ele></trkpt>
      <trkpt lat="41.48935" lon="-77.29715"><ele>517.5</ele></trkpt>
      <trkpt lat="41.48999" lon="-77.297079"><ele>515.1</ele></trkpt>
      <trkpt lat="41.49007" lon="-77.29707"><ele>514.7</ele></trkpt>
      <trkpt lat="41.49025" lon="-77.29705"><ele>514.1</ele></trkpt>
      <trkpt lat="41.49043" lon="-77.29702"><ele>513.8</ele></trkpt>
      <trkpt lat="41.490519" lon="-77.29701"><ele>513.5</ele></trkpt>
      <trkpt lat="41.490609" lon="-77.296989"><ele>513.2</ele></trkpt>
      <trkpt lat="41.49078" lon="-77.29696"><ele>512.6</ele></trkpt>
      <trkpt lat="41.49083" lon="-77.29695"><ele>512.4</ele></trkpt>
      <trkpt lat="41.49142" lon="-77.296809"><ele>510.3</ele></trkpt>
      <trkpt lat="41.49149" lon="-77.29679"><ele>510.2</ele></trkpt>
      <trkpt lat="41.49168" lon="-77.29675"><ele>509.8</ele></trkpt>
      <trkpt lat="41.49185" lon="-77.29673"><ele>509.5</ele></trkpt>
      <trkpt lat="41.49236" lon="-77.29664"><ele>508.5</ele></trkpt>
      <trkpt lat="41.49238" lon="-77.29664"><ele>508.5</ele></trkpt>
      <trkpt lat="41.49274" lon="-77.29657"><ele>508.0</ele></trkpt>
      <trkpt lat="41.49281" lon="-77.29656"><ele>508.0</ele></trkpt>
      <trkpt lat="41.4931" lon="-77.29655"><ele>508.2</ele></trkpt>
      <trkpt lat="41.49313" lon="-77.29655"><ele>508.3</ele></trkpt>
      <trkpt lat="41.493229" lon="-77.29653"><ele>509.0</ele></trkpt>
      <trkpt lat="41.49344" lon="-77.2965"><ele>510.6</ele></trkpt>
      <trkpt lat="41.49381" lon="-77.29641"><ele>514.9</ele></trkpt>
      <trkpt lat="41.493989" lon="-77.29637"><ele>517.0</ele></trkpt>
      <trkpt lat="41.49434" lon="-77.29629"><ele>519.2</ele></trkpt>
      <trkpt lat="41.49452" lon="-77.29625"><ele>520.0</ele></trkpt>
      <trkpt lat="41.4947" lon="-77.2962"><ele>520.5</ele></trkpt>
      <trkpt lat="41.49509" lon="-77.29611"><ele>520.7</ele></trkpt>
      <trkpt lat="41.49524" lon="-77.29609"><ele>520.6</ele></trkpt>
      <trkpt lat="41.49539" lon="-77.29606"><ele>520.5</ele></trkpt>
      <trkpt lat="41.49559" lon="-77.29603"><ele>520.4</ele></trkpt>
      <trkpt lat="41.49563" lon="-77.29603"><ele>520.4</ele></trkpt>
      <trkpt lat="41.49594" lon="-77.295959"><ele>520.3</ele></trkpt>
      <trkpt lat="41.49598" lon="-77.29595"><ele>520.3</ele></trkpt>
      <trkpt lat="41.496139" lon="-77.2959"><ele>520.2</ele></trkpt>
      <trkpt lat="41.49624" lon="-77.29588"><ele>520.2</ele></trkpt>
      <trkpt lat="41.49636" lon="-77.29586"><ele>520.1</ele></trkpt>
      <trkpt lat="41.49653" lon="-77.29586"><ele>520.1</ele></trkpt>
      <trkpt lat="41.49664" lon="-77.29586"><ele>520.1</ele></trkpt>
      <trkpt lat="41.49678" lon="-77.29588"><ele>520.0</ele></trkpt>
      <trkpt lat="41.49683" lon="-77.2959"><ele>520.0</ele></trkpt>
      <trkpt lat="41.49686" lon="-77.2959"><ele>520.0</ele></trkpt>
      <trkpt lat="41.49696" lon="-77.29593"><ele>520.0</ele></trkpt>
      <trkpt lat="41.49704" lon="-77.295959"><ele>520.1</ele></trkpt>
      <trkpt lat="41.49711" lon="-77.29599"><ele>520.3</ele></trkpt>
      <trkpt lat="41.49723" lon="-77.29608"><ele>520.9</ele></trkpt>
      <trkpt lat="41.49734" lon="-77.29614"><ele>521.4</ele></trkpt>
      <trkpt lat="41.49762" lon="-77.29637"><ele>522.7</ele></trkpt>
      <trkpt lat="41.49779" lon="-77.29652"><ele>523.3</ele></trkpt>
      <trkpt lat="41.49801" lon="-77.29671"><ele>524.5</ele></trkpt>
      <trkpt lat="41.49809" lon="-77.29679"><ele>525.1</ele></trkpt>
      <trkpt lat="41.49823" lon="-77.29692"><ele>526.3</ele></trkpt>
      <trkpt lat="41.49824" lon="-77.29693"><ele>526.4</ele></trkpt>
      <trkpt lat="41.498399" lon="-77.29704"><ele>527.8</ele></trkpt>
      <trkpt lat="41.49844" lon="-77.297079"><ele>528.3</ele></trkpt>
      <trkpt lat="41.49862" lon="-77.2972"><ele>530.0</ele></trkpt>
      <trkpt lat="41.49871" lon="-77.29728"><ele>531.0</ele></trkpt>
      <trkpt lat="41.49876" lon="-77.29732"><ele>531.5</ele></trkpt>
      <trkpt lat="41.49886" lon="-77.2974"><ele>532.7</ele></trkpt>
      <trkpt lat="41.49891" lon="-77.29744"><ele>533.3</ele></trkpt>
      <trkpt lat="41.49904" lon="-77.29758"><ele>535.2</ele></trkpt>
      <trkpt lat="41.49912" lon="-77.29767"><ele>536.4</ele></trkpt>
      <trkpt lat="41.49914" lon="-77.2977"><ele>536.7</ele></trkpt>
      <trkpt lat="41.49927" lon="-77.29787"><ele>538.2</ele></trkpt>
      <trkpt lat="41.499339" lon="-77.29796"><ele>539.0</ele></trkpt>
      <trkpt lat="41.49954" lon="-77.29828"><ele>541.9</ele></trkpt>
      <trkpt lat="41.49957" lon="-77.29832"><ele>542.3</ele></trkpt>
      <trkpt lat="41.49964" lon="-77.29846"><ele>543.6</ele></trkpt>
      <trkpt lat="41.49993" lon="-77.29893"><ele>545.9</ele></trkpt>
      <trkpt lat="41.500079" lon="-77.29916"><ele>546.7</ele></trkpt>
      <trkpt lat="41.50019" lon="-77.29932"><ele>547.6</ele></trkpt>
      <trkpt lat="41.50031" lon="-77.29948"><ele>548.4</ele></trkpt>
      <trkpt lat="41.500459" lon="-77.29967"><ele>549.4</ele></trkpt>
      <trkpt lat="41.50073" lon="-77.29997"><ele>551.9</ele></trkpt>
      <trkpt lat="41.500839" lon="-77.30009"><ele>553.0</ele></trkpt>
      <trkpt lat="41.50107" lon="-77.30033"><ele>554.9</ele></trkpt>
      <trkpt lat="41.50116" lon="-77.30041"><ele>555.5</ele></trkpt>
      <trkpt lat="41.50126" lon="-77.3005"><ele>556.5</ele></trkpt>
      <trkpt lat="41.50146" lon="-77.30064"><ele>559.3</ele></trkpt>
      <trkpt lat="41.50148" lon="-77.30065"><ele>559.6</ele></trkpt>
      <trkpt lat="41.50154" lon="-77.30068"><ele>560.1</ele></trkpt>
      <trkpt lat="41.50164" lon="-77.30073"><ele>560.9</ele></trkpt>
      <trkpt lat="41.50194" lon="-77.30086"><ele>564.4</ele></trkpt>
      <trkpt lat="41.50211" lon="-77.30094"><ele>566.3</ele></trkpt>
      <trkpt lat="41.50216" lon="-77.30095"><ele>566.6</ele></trkpt>
      <trkpt lat="41.50232" lon="-77.30102"><ele>567.8</ele></trkpt>
      <trkpt lat="41.50233" lon="-77.30102"><ele>567.9</ele></trkpt>
      <trkpt lat="41.50254" lon="-77.30112"><ele>570.0</ele></trkpt>
      <trkpt lat="41.503189" lon="-77.30137"><ele>573.6</ele></trkpt>
      <trkpt lat="41.50348" lon="-77.30149"><ele>575.5</ele></trkpt>
      <trkpt lat="41.50377" lon="-77.30159"><ele>577.0</ele></trkpt>
      <trkpt lat="41.50388" lon="-77.30164"><ele>577.6</ele></trkpt>
      <trkpt lat="41.50401" lon="-77.30171"><ele>578.4</ele></trkpt>
      <trkpt lat="41.50456" lon="-77.30194"><ele>581.5</ele></trkpt>
      <trkpt lat="41.5047" lon="-77.302"><ele>582.3</ele></trkpt>
      <trkpt lat="41.50504" lon="-77.30216"><ele>584.3</ele></trkpt>
      <trkpt lat="41.50507" lon="-77.30217"><ele>584.5</ele></trkpt>
      <trkpt lat="41.50542" lon="-77.30232"><ele>586.9</ele></trkpt>
      <trkpt lat="41.50559" lon="-77.3024"><ele>588.0</ele></trkpt>
      <trkpt lat="41.50576" lon="-77.30247"><ele>588.8</ele></trkpt>
      <trkpt lat="41.50578" lon="-77.30248"><ele>589.0</ele></trkpt>
      <trkpt lat="41.50627" lon="-77.30268"><ele>592.1</ele></trkpt>
      <trkpt lat="41.50645" lon="-77.30275"><ele>592.3</ele></trkpt>
      <trkpt lat="41.50676" lon="-77.30287"><ele>592.4</ele></trkpt>
      <trkpt lat="41.50697" lon="-77.30294"><ele>592.7</ele></trkpt>
      <trkpt lat="41.5072" lon="-77.30303"><ele>593.7</ele></trkpt>
      <trkpt lat="41.507309" lon="-77.30307"><ele>594.6</ele></trkpt>
      <trkpt lat="41.50748" lon="-77.30312"><ele>595.6</ele></trkpt>
      <trkpt lat="41.50784" lon="-77.30321"><ele>597.2</ele></trkpt>
      <trkpt lat="41.50791" lon="-77.30322"><ele>597.6</ele></trkpt>
      <trkpt lat="41.50824" lon="-77.30329"><ele>599.4</ele></trkpt>
      <trkpt lat="41.50862" lon="-77.30338"><ele>601.2</ele></trkpt>
      <trkpt lat="41.50891" lon="-77.30345"><ele>602.0</ele></trkpt>
      <trkpt lat="41.50911" lon="-77.3035"><ele>602.0</ele></trkpt>
      <trkpt lat="41.50926" lon="-77.30353"><ele>602.1</ele></trkpt>
      <trkpt lat="41.50934" lon="-77.30354"><ele>602.1</ele></trkpt>
      <trkpt lat="41.50981" lon="-77.303569"><ele>600.6</ele></trkpt>
      <trkpt lat="41.50998" lon="-77.30356"><ele>599.9</ele></trkpt>
      <trkpt lat="41.51009" lon="-77.30355"><ele>599.2</ele></trkpt>
      <trkpt lat="41.510129" lon="-77.30354"><ele>599.0</ele></trkpt>
      <trkpt lat="41.5103" lon="-77.30349"><ele>598.6</ele></trkpt>
      <trkpt lat="41.51038" lon="-77.30345"><ele>598.2</ele></trkpt>
      <trkpt lat="41.5105" lon="-77.30338"><ele>596.8</ele></trkpt>
      <trkpt lat="41.51065" lon="-77.30326"><ele>595.9</ele></trkpt>
      <trkpt lat="41.510689" lon="-77.30324"><ele>595.8</ele></trkpt>
      <trkpt lat="41.51082" lon="-77.30318"><ele>595.3</ele></trkpt>
      <trkpt lat="41.51085" lon="-77.30316"><ele>595.3</ele></trkpt>
      <trkpt lat="41.51099" lon="-77.30315"><ele>594.1</ele></trkpt>
      <trkpt lat="41.51113" lon="-77.30317"><ele>592.3</ele></trkpt>
      <trkpt lat="41.51119" lon="-77.30319"><ele>591.5</ele></trkpt>
      <trkpt lat="41.51128" lon="-77.30324"><ele>590.3</ele></trkpt>
      <trkpt lat="41.511339" lon="-77.30329"><ele>589.6</ele></trkpt>
      <trkpt lat="41.51137" lon="-77.30331"><ele>589.3</ele></trkpt>
      <trkpt lat="41.51142" lon="-77.30336"><ele>588.7</ele></trkpt>
      <trkpt lat="41.51149" lon="-77.30342"><ele>588.3</ele></trkpt>
      <trkpt lat="41.51149" lon="-77.30343"><ele>588.2</ele></trkpt>
      <trkpt lat="41.51158" lon="-77.30355"><ele>587.2</ele></trkpt>
      <trkpt lat="41.51173" lon="-77.30378"><ele>584.7</ele></trkpt>
      <trkpt lat="41.51178" lon="-77.30386"><ele>584.0</ele></trkpt>
      <trkpt lat="41.51184" lon="-77.30397"><ele>583.1</ele></trkpt>
      <trkpt lat="41.51192" lon="-77.30413"><ele>581.7</ele></trkpt>
      <trkpt lat="41.51203" lon="-77.30431"><ele>579.5</ele></trkpt>
      <trkpt lat="41.512099" lon="-77.3044"><ele>578.3</ele></trkpt>
      <trkpt lat="41.51216" lon="-77.30446"><ele>577.5</ele></trkpt>
      <trkpt lat="41.51226" lon="-77.30453"><ele>576.5</ele></trkpt>
      <trkpt lat="41.51236" lon="-77.30457"><ele>575.7</ele></trkpt>
      <trkpt lat="41.51242" lon="-77.30459"><ele>575.3</ele></trkpt>
      <trkpt lat="41.51251" lon="-77.304599"><ele>574.7</ele></trkpt>
      <trkpt lat="41.51255" lon="-77.30461"><ele>574.3</ele></trkpt>
      <trkpt lat="41.51291" lon="-77.30466"><ele>569.7</ele></trkpt>
      <trkpt lat="41.51309" lon="-77.30468"><ele>567.1</ele></trkpt>
      <trkpt lat="41.51312" lon="-77.304689"><ele>566.5</ele></trkpt>
      <trkpt lat="41.51344" lon="-77.30475"><ele>561.7</ele></trkpt>
      <trkpt lat="41.51349" lon="-77.30476"><ele>560.8</ele></trkpt>
      <trkpt lat="41.5138" lon="-77.30481"><ele>556.3</ele></trkpt>
      <trkpt lat="41.513979" lon="-77.30484"><ele>553.2</ele></trkpt>
      <trkpt lat="41.51411" lon="-77.304869"><ele>551.6</ele></trkpt>
      <trkpt lat="41.5145" lon="-77.30491"><ele>547.4</ele></trkpt>
      <trkpt lat="41.51451" lon="-77.30491"><ele>547.3</ele></trkpt>
      <trkpt lat="41.51468" lon="-77.3049"><ele>546.2</ele></trkpt>
      <trkpt lat="41.51496" lon="-77.304869"><ele>543.9</ele></trkpt>
      <trkpt lat="41.51506" lon="-77.30484"><ele>542.6</ele></trkpt>
      <trkpt lat="41.51524" lon="-77.30479"><ele>540.6</ele></trkpt>
      <trkpt lat="41.51542" lon="-77.30475"><ele>539.1</ele></trkpt>
      <trkpt lat="41.51544" lon="-77.30474"><ele>539.0</ele></trkpt>
      <trkpt lat="41.51559" lon="-77.3047"><ele>538.0</ele></trkpt>
      <trkpt lat="41.51577" lon="-77.30466"><ele>536.3</ele></trkpt>
      <trkpt lat="41.51615" lon="-77.30457"><ele>533.8</ele></trkpt>
      <trkpt lat="41.5163" lon="-77.30454"><ele>533.2</ele></trkpt>
      <trkpt lat="41.51648" lon="-77.3045"><ele>532.4</ele></trkpt>
      <trkpt lat="41.51663" lon="-77.30447"><ele>531.6</ele></trkpt>
      <trkpt lat="41.51666" lon="-77.30446"><ele>531.5</ele></trkpt>
      <trkpt lat="41.51684" lon="-77.304419"><ele>530.4</ele></trkpt>
      <trkpt lat="41.51701" lon="-77.30439"><ele>528.9</ele></trkpt>
      <trkpt lat="41.5172" lon="-77.30435"><ele>527.1</ele></trkpt>
      <trkpt lat="41.51747" lon="-77.30432"><ele>524.7</ele></trkpt>
      <trkpt lat="41.5176" lon="-77.30431"><ele>523.8</ele></trkpt>
      <trkpt lat="41.5177" lon="-77.30432"><ele>523.2</ele></trkpt>
      <trkpt lat="41.51776" lon="-77.30434"><ele>522.9</ele></trkpt>
      <trkpt lat="41.517829" lon="-77.30437"><ele>522.5</ele></trkpt>
      <trkpt lat="41.51788" lon="-77.30441"><ele>522.3</ele></trkpt>
      <trkpt lat="41.51793" lon="-77.30445"><ele>522.0</ele></trkpt>
      <trkpt lat="41.518" lon="-77.30452"><ele>521.9</ele></trkpt>
      <trkpt lat="41.51804" lon="-77.30457"><ele>521.8</ele></trkpt>
      <trkpt lat="41.51812" lon="-77.30468"><ele>521.9</ele></trkpt>
      <trkpt lat="41.51817" lon="-77.30476"><ele>522.1</ele></trkpt>
      <trkpt lat="41.51825" lon="-77.30496"><ele>522.6</ele></trkpt>
      <trkpt lat="41.51833" lon="-77.30516"><ele>523.2</ele></trkpt>
      <trkpt lat="41.518389" lon="-77.30532"><ele>523.9</ele></trkpt>
      <trkpt lat="41.51849" lon="-77.305539"><ele>525.8</ele></trkpt>
      <trkpt lat="41.51851" lon="-77.30558"><ele>526.2</ele></trkpt>
      <trkpt lat="41.51858" lon="-77.305719"><ele>527.8</ele></trkpt>
      <trkpt lat="41.51861" lon="-77.30578"><ele>528.4</ele></trkpt>
      <trkpt lat="41.5187" lon="-77.30594"><ele>529.4</ele></trkpt>
      <trkpt lat="41.5188" lon="-77.30609"><ele>530.0</ele></trkpt>
      <trkpt lat="41.51887" lon="-77.30617"><ele>530.4</ele></trkpt>
      <trkpt lat="41.51898" lon="-77.30628"><ele>531.1</ele></trkpt>
      <trkpt lat="41.51899" lon="-77.30628"><ele>531.2</ele></trkpt>
      <trkpt lat="41.51906" lon="-77.30633"><ele>531.7</ele></trkpt>
      <trkpt lat="41.51925" lon="-77.30646"><ele>533.2</ele></trkpt>
      <trkpt lat="41.51931" lon="-77.30649"><ele>533.5</ele></trkpt>
      <trkpt lat="41.51948" lon="-77.306569"><ele>534.0</ele></trkpt>
      <trkpt lat="41.51953" lon="-77.30659"><ele>534.1</ele></trkpt>
      <trkpt lat="41.51983" lon="-77.30669"><ele>534.2</ele></trkpt>
      <trkpt lat="41.520359" lon="-77.30682"><ele>534.2</ele></trkpt>
      <trkpt lat="41.5205" lon="-77.30685"><ele>533.9</ele></trkpt>
      <trkpt lat="41.52093" lon="-77.30695"><ele>533.5</ele></trkpt>
      <trkpt lat="41.52107" lon="-77.30697"><ele>533.5</ele></trkpt>
      <trkpt lat="41.521299" lon="-77.307"><ele>533.6</ele></trkpt>
      <trkpt lat="41.52197" lon="-77.30709"><ele>533.1</ele></trkpt>
      <trkpt lat="41.52211" lon="-77.30711"><ele>533.2</ele></trkpt>
      <trkpt lat="41.52311" lon="-77.30722"><ele>532.6</ele></trkpt>
      <trkpt lat="41.52321" lon="-77.30723"><ele>532.4</ele></trkpt>
      <trkpt lat="41.52322" lon="-77.30723"><ele>532.3</ele></trkpt>
      <trkpt lat="41.52341" lon="-77.30723"><ele>531.7</ele></trkpt>
      <trkpt lat="41.52353" lon="-77.30723"><ele>531.3</ele></trkpt>
      <trkpt lat="41.52405" lon="-77.30718"><ele>528.9</ele></trkpt>
      <trkpt lat="41.52424" lon="-77.30714"><ele>528.2</ele></trkpt>
      <trkpt lat="41.52424" lon="-77.30714"><ele>528.2</ele></trkpt>
      <trkpt lat="41.52424" lon="-77.30755"><ele>529.8</ele></trkpt>
      <trkpt lat="41.52424" lon="-77.30773"><ele>530.5</ele></trkpt>
      <trkpt lat="41.52425" lon="-77.30849"><ele>533.1</ele></trkpt>
      <trkpt lat="41.52425" lon="-77.30852"><ele>533.1</ele></trkpt>
      <trkpt lat="41.52426" lon="-77.309479"><ele>534.6</ele></trkpt>
      <trkpt lat="41.52426" lon="-77.31025"><ele>533.7</ele></trkpt>
      <trkpt lat="41.52428" lon="-77.3114"><ele>531.0</ele></trkpt>
      <trkpt lat="41.52429" lon="-77.3126"><ele>526.7</ele></trkpt>
      <trkpt lat="41.52429" lon="-77.3127"><ele>526.2</ele></trkpt>
      <trkpt lat="41.524299" lon="-77.3133"><ele>523.7</ele></trkpt>
      <trkpt lat="41.52431" lon="-77.31356"><ele>522.7</ele></trkpt>
      <trkpt lat="41.52432" lon="-77.31388"><ele>521.1</ele></trkpt>
      <trkpt lat="41.52435" lon="-77.31419"><ele>519.8</ele></trkpt>
      <trkpt lat="41.52436" lon="-77.31428"><ele>519.5</ele></trkpt>
      <trkpt lat="41.5244" lon="-77.31459"><ele>518.1</ele></trkpt>
      <trkpt lat="41.52443" lon="-77.31486"><ele>516.6</ele></trkpt>
      <trkpt lat="41.52454" lon="-77.31546"><ele>513.1</ele></trkpt>
      <trkpt lat="41.52454" lon="-77.31552"><ele>512.8</ele></trkpt>
      <trkpt lat="41.52466" lon="-77.31616"><ele>512.1</ele></trkpt>
      <trkpt lat="41.52473" lon="-77.31653"><ele>513.4</ele></trkpt>
      <trkpt lat="41.52478" lon="-77.31687"><ele>514.5</ele></trkpt>
      <trkpt lat="41.52478" lon="-77.31688"><ele>514.6</ele></trkpt>
      <trkpt lat="41.5248" lon="-77.3171"><ele>515.3</ele></trkpt>
      <trkpt lat="41.5248" lon="-77.31711"><ele>515.3</ele></trkpt>
      <trkpt lat="41.52481" lon="-77.317359"><ele>516.0</ele></trkpt>
      <trkpt lat="41.5248" lon="-77.31768"><ele>517.0</ele></trkpt>
      <trkpt lat="41.52476" lon="-77.31813"><ele>519.0</ele></trkpt>
      <trkpt lat="41.52475" lon="-77.318299"><ele>520.1</ele></trkpt>
      <trkpt lat="41.52475" lon="-77.31831"><ele>520.2</ele></trkpt>
      <trkpt lat="41.52471" lon="-77.31878"><ele>522.4</ele></trkpt>
      <trkpt lat="41.52471" lon="-77.31879"><ele>522.5</ele></trkpt>
      <trkpt lat="41.5247" lon="-77.31885"><ele>522.7</ele></trkpt>
      <trkpt lat="41.52459" lon="-77.320179"><ele>529.3</ele></trkpt>
      <trkpt lat="41.52455" lon="-77.32056"><ele>531.5</ele></trkpt>
      <trkpt lat="41.52452" lon="-77.32068"><ele>532.2</ele></trkpt>
      <trkpt lat="41.52449" lon="-77.32079"><ele>532.8</ele></trkpt>
      <trkpt lat="41.52424" lon="-77.32169"><ele>534.9</ele></trkpt>
      <trkpt lat="41.52419" lon="-77.32186"><ele>534.8</ele></trkpt>
      <trkpt lat="41.52418" lon="-77.32192"><ele>534.8</ele></trkpt>
      <trkpt lat="41.52413" lon="-77.32213"><ele>534.2</ele></trkpt>
      <trkpt lat="41.52406" lon="-77.32237"><ele>532.8</ele></trkpt>
      <trkpt lat="41.524009" lon="-77.32254"><ele>531.9</ele></trkpt>
      <trkpt lat="41.523919" lon="-77.322819"><ele>530.6</ele></trkpt>
      <trkpt lat="41.5239" lon="-77.3229"><ele>530.1</ele></trkpt>
      <trkpt lat="41.52385" lon="-77.32303"><ele>529.3</ele></trkpt>
      <trkpt lat="41.523829" lon="-77.323089"><ele>528.9</ele></trkpt>
      <trkpt lat="41.52357" lon="-77.32366"><ele>526.0</ele></trkpt>
      <trkpt lat="41.523359" lon="-77.32409"><ele>524.2</ele></trkpt>
      <trkpt lat="41.52308" lon="-77.32465"><ele>520.5</ele></trkpt>
      <trkpt lat="41.52308" lon="-77.32466"><ele>520.4</ele></trkpt>
      <trkpt lat="41.52299" lon="-77.32484"><ele>519.3</ele></trkpt>
      <trkpt lat="41.52275" lon="-77.32535"><ele>515.6</ele></trkpt>
      <trkpt lat="41.52267" lon="-77.32556"><ele>514.0</ele></trkpt>
      <trkpt lat="41.5225" lon="-77.32607"><ele>509.8</ele></trkpt>
      <trkpt lat="41.52249" lon="-77.32613"><ele>509.1</ele></trkpt>
      <trkpt lat="41.52248" lon="-77.32614"><ele>509.0</ele></trkpt>
      <trkpt lat="41.52235" lon="-77.32654"><ele>507.2</ele></trkpt>
      <trkpt lat="41.5223" lon="-77.32671"><ele>507.4</ele></trkpt>
      <trkpt lat="41.5223" lon="-77.32671"><ele>507.4</ele></trkpt>
      <trkpt lat="41.52263" lon="-77.32692"><ele>505.3</ele></trkpt>
      <trkpt lat="41.52279" lon="-77.32702"><ele>503.5</ele></trkpt>
      <trkpt lat="41.5229" lon="-77.32709"><ele>502.2</ele></trkpt>
      <trkpt lat="41.52316" lon="-77.32727"><ele>499.5</ele></trkpt>
      <trkpt lat="41.52326" lon="-77.32738"><ele>497.9</ele></trkpt>
      <trkpt lat="41.52328" lon="-77.3274"><ele>497.6</ele></trkpt>
      <trkpt lat="41.52339" lon="-77.32756"><ele>495.9</ele></trkpt>
      <trkpt lat="41.5235" lon="-77.32774"><ele>494.5</ele></trkpt>
      <trkpt lat="41.52356" lon="-77.328"><ele>493.2</ele></trkpt>
      <trkpt lat="41.52358" lon="-77.32821"><ele>492.4</ele></trkpt>
      <trkpt lat="41.52357" lon="-77.32844"><ele>491.8</ele></trkpt>
      <trkpt lat="41.52356" lon="-77.32855"><ele>491.5</ele></trkpt>
      <trkpt lat="41.5235" lon="-77.328909"><ele>490.7</ele></trkpt>
      <trkpt lat="41.52346" lon="-77.32913"><ele>490.1</ele></trkpt>
      <trkpt lat="41.5234" lon="-77.32933"><ele>489.7</ele></trkpt>
      <trkpt lat="41.52326" lon="-77.32979"><ele>487.1</ele></trkpt>
      <trkpt lat="41.52301" lon="-77.33062"><ele>483.6</ele></trkpt>
      <trkpt lat="41.52299" lon="-77.33068"><ele>483.5</ele></trkpt>
      <trkpt lat="41.52269" lon="-77.331549"><ele>481.0</ele></trkpt>
      <trkpt lat="41.52263" lon="-77.331729"><ele>480.7</ele></trkpt>
      <trkpt lat="41.52254" lon="-77.331999"><ele>482.0</ele></trkpt>
      <trkpt lat="41.52247" lon="-77.3322"><ele>484.2</ele></trkpt>
      <trkpt lat="41.5224" lon="-77.33238"><ele>485.3</ele></trkpt>
      <trkpt lat="41.522329" lon="-77.33256"><ele>485.7</ele></trkpt>
      <trkpt lat="41.522239" lon="-77.33281"><ele>485.8</ele></trkpt>
      <trkpt lat="41.52217" lon="-77.33299"><ele>485.6</ele></trkpt>
      <trkpt lat="41.52214" lon="-77.33309"><ele>485.5</ele></trkpt>
      <trkpt lat="41.5221" lon="-77.333209"><ele>485.2</ele></trkpt>
      <trkpt lat="41.5221" lon="-77.33323"><ele>485.2</ele></trkpt>
      <trkpt lat="41.52209" lon="-77.33325"><ele>485.1</ele></trkpt>
      <trkpt lat="41.52207" lon="-77.33334"><ele>485.0</ele></trkpt>
      <trkpt lat="41.52203" lon="-77.33354"><ele>484.7</ele></trkpt>
      <trkpt lat="41.52201" lon="-77.33373"><ele>484.5</ele></trkpt>
      <trkpt lat="41.522" lon="-77.33384"><ele>484.2</ele></trkpt>
      <trkpt lat="41.52198" lon="-77.334059"><ele>483.1</ele></trkpt>
      <trkpt lat="41.52197" lon="-77.33432"><ele>481.9</ele></trkpt>
      <trkpt lat="41.52196" lon="-77.33443"><ele>481.5</ele></trkpt>
      <trkpt lat="41.52194" lon="-77.33467"><ele>480.9</ele></trkpt>
      <trkpt lat="41.52193" lon="-77.33478"><ele>481.1</ele></trkpt>
      <trkpt lat="41.52193" lon="-77.3348"><ele>481.2</ele></trkpt>
      <trkpt lat="41.5219" lon="-77.33515"><ele>481.9</ele></trkpt>
      <trkpt lat="41.5219" lon="-77.33539"><ele>481.5</ele></trkpt>
      <trkpt lat="41.5219" lon="-77.33542"><ele>481.5</ele></trkpt>
      <trkpt lat="41.5219" lon="-77.33552"><ele>481.3</ele></trkpt>
      <trkpt lat="41.5219" lon="-77.33563"><ele>481.0</ele></trkpt>
      <trkpt lat="41.5219" lon="-77.335759"><ele>480.5</ele></trkpt>
      <trkpt lat="41.5219" lon="-77.33587"><ele>479.9</ele></trkpt>
      <trkpt lat="41.5219" lon="-77.33592"><ele>479.6</ele></trkpt>
      <trkpt lat="41.52192" lon="-77.33632"><ele>477.3</ele></trkpt>
      <trkpt lat="41.52193" lon="-77.33648"><ele>476.8</ele></trkpt>
      <trkpt lat="41.52194" lon="-77.33655"><ele>476.8</ele></trkpt>
      <trkpt lat="41.52194" lon="-77.33659"><ele>476.6</ele></trkpt>
      <trkpt lat="41.521949" lon="-77.33671"><ele>476.4</ele></trkpt>
      <trkpt lat="41.52196" lon="-77.33683"><ele>476.4</ele></trkpt>
      <trkpt lat="41.52198" lon="-77.33701"><ele>476.4</ele></trkpt>
      <trkpt lat="41.52201" lon="-77.3373"><ele>476.0</ele></trkpt>
      <trkpt lat="41.52205" lon="-77.33754"><ele>476.0</ele></trkpt>
      <trkpt lat="41.52205" lon="-77.33756"><ele>475.9</ele></trkpt>
      <trkpt lat="41.52207" lon="-77.33766"><ele>475.8</ele></trkpt>
      <trkpt lat="41.52209" lon="-77.33777"><ele>475.6</ele></trkpt>
      <trkpt lat="41.52211" lon="-77.33787"><ele>475.5</ele></trkpt>
      <trkpt lat="41.52214" lon="-77.337999"><ele>475.3</ele></trkpt>
      <trkpt lat="41.52217" lon="-77.3381"><ele>475.4</ele></trkpt>
      <trkpt lat="41.52217" lon="-77.33812"><ele>475.2</ele></trkpt>
      <trkpt lat="41.5222" lon="-77.33823"><ele>475.0</ele></trkpt>
      <trkpt lat="41.52234" lon="-77.33872"><ele>474.5</ele></trkpt>
      <trkpt lat="41.52239" lon="-77.33889"><ele>474.0</ele></trkpt>
      <trkpt lat="41.52239" lon="-77.3389"><ele>473.8</ele></trkpt>
      <trkpt lat="41.52243" lon="-77.33902"><ele>473.0</ele></trkpt>
      <trkpt lat="41.52249" lon="-77.3392"><ele>471.5</ele></trkpt>
      <trkpt lat="41.5225" lon="-77.33924"><ele>471.0</ele></trkpt>
      <trkpt lat="41.52252" lon="-77.3393"><ele>470.6</ele></trkpt>
      <trkpt lat="41.52254" lon="-77.33934"><ele>470.5</ele></trkpt>
      <trkpt lat="41.52256" lon="-77.3394"><ele>470.0</ele></trkpt>
      <trkpt lat="41.52264" lon="-77.33954"><ele>469.8</ele></trkpt>
      <trkpt lat="41.52269" lon="-77.33964"><ele>469.4</ele></trkpt>
      <trkpt lat="41.52278" lon="-77.33977"><ele>469.1</ele></trkpt>
      <trkpt lat="41.52288" lon="-77.3399"><ele>468.3</ele></trkpt>
      <trkpt lat="41.522889" lon="-77.33992"><ele>467.9</ele></trkpt>
      <trkpt lat="41.52295" lon="-77.33998"><ele>467.2</ele></trkpt>
      <trkpt lat="41.522979" lon="-77.34002"><ele>466.6</ele></trkpt>
      <trkpt lat="41.5232" lon="-77.3402"><ele>466.2</ele></trkpt>
      <trkpt lat="41.523539" lon="-77.340459"><ele>464.6</ele></trkpt>
      <trkpt lat="41.52357" lon="-77.34047"><ele>464.8</ele></trkpt>
      <trkpt lat="41.52364" lon="-77.34053"><ele>464.1</ele></trkpt>
      <trkpt lat="41.52389" lon="-77.34069"><ele>463.6</ele></trkpt>
      <trkpt lat="41.52396" lon="-77.34074"><ele>463.3</ele></trkpt>
      <trkpt lat="41.524009" lon="-77.34078"><ele>463.1</ele></trkpt>
      <trkpt lat="41.5242" lon="-77.34092"><ele>462.3</ele></trkpt>
      <trkpt lat="41.52425" lon="-77.34095"><ele>462.3</ele></trkpt>
      <trkpt lat="41.52428" lon="-77.34098"><ele>462.2</ele></trkpt>
      <trkpt lat="41.52442" lon="-77.3411"><ele>461.7</ele></trkpt>
      <trkpt lat="41.52456" lon="-77.34123"><ele>461.2</ele></trkpt>
      <trkpt lat="41.52473" lon="-77.341399"><ele>460.8</ele></trkpt>
      <trkpt lat="41.52479" lon="-77.34147"><ele>460.6</ele></trkpt>
      <trkpt lat="41.524859" lon="-77.34154"><ele>460.4</ele></trkpt>
      <trkpt lat="41.52491" lon="-77.3416"><ele>460.2</ele></trkpt>
      <trkpt lat="41.52508" lon="-77.34181"><ele>459.9</ele></trkpt>
      <trkpt lat="41.52512" lon="-77.34187"><ele>459.8</ele></trkpt>
      <trkpt lat="41.52518" lon="-77.34196"><ele>459.6</ele></trkpt>
      <trkpt lat="41.52532" lon="-77.34218"><ele>459.3</ele></trkpt>
      <trkpt lat="41.52547" lon="-77.34242"><ele>458.8</ele></trkpt>
      <trkpt lat="41.52551" lon="-77.3425"><ele>458.6</ele></trkpt>
      <trkpt lat="41.5257" lon="-77.34284"><ele>456.5</ele></trkpt>
      <trkpt lat="41.525889" lon="-77.34318"><ele>456.1</ele></trkpt>
      <trkpt lat="41.52597" lon="-77.34334"><ele>456.0</ele></trkpt>
      <trkpt lat="41.52605" lon="-77.3435"><ele>456.1</ele></trkpt>
      <trkpt lat="41.52609" lon="-77.3436"><ele>456.0</ele></trkpt>
      <trkpt lat="41.52611" lon="-77.34367"><ele>455.8</ele></trkpt>
      <trkpt lat="41.52617" lon="-77.3439"><ele>455.3</ele></trkpt>
      <trkpt lat="41.52617" lon="-77.34395"><ele>455.0</ele></trkpt>
      <trkpt lat="41.52619" lon="-77.34406"><ele>454.8</ele></trkpt>
      <trkpt lat="41.52631" lon="-77.344759"><ele>452.2</ele></trkpt>
      <trkpt lat="41.52632" lon="-77.34483"><ele>452.1</ele></trkpt>
      <trkpt lat="41.52634" lon="-77.34496"><ele>451.9</ele></trkpt>
      <trkpt lat="41.52635" lon="-77.34512"><ele>451.4</ele></trkpt>
      <trkpt lat="41.52635" lon="-77.34529"><ele>450.7</ele></trkpt>
      <trkpt lat="41.52634" lon="-77.34537"><ele>450.1</ele></trkpt>
      <trkpt lat="41.5263" lon="-77.34572"><ele>448.4</ele></trkpt>
      <trkpt lat="41.5263" lon="-77.34578"><ele>448.2</ele></trkpt>
      <trkpt lat="41.5263" lon="-77.34584"><ele>448.1</ele></trkpt>
      <trkpt lat="41.52633" lon="-77.34616"><ele>447.8</ele></trkpt>
      <trkpt lat="41.526359" lon="-77.34631"><ele>447.7</ele></trkpt>
      <trkpt lat="41.52638" lon="-77.34644"><ele>447.4</ele></trkpt>
      <trkpt lat="41.52642" lon="-77.34665"><ele>446.6</ele></trkpt>
      <trkpt lat="41.52644" lon="-77.34672"><ele>446.3</ele></trkpt>
      <trkpt lat="41.52646" lon="-77.34677"><ele>446.1</ele></trkpt>
      <trkpt lat="41.52647" lon="-77.34678"><ele>446.1</ele></trkpt>
      <trkpt lat="41.52652" lon="-77.34688"><ele>445.6</ele></trkpt>
      <trkpt lat="41.52658" lon="-77.34696"><ele>445.2</ele></trkpt>
      <trkpt lat="41.52671" lon="-77.34709"><ele>444.8</ele></trkpt>
      <trkpt lat="41.52682" lon="-77.34719"><ele>443.9</ele></trkpt>
      <trkpt lat="41.52723" lon="-77.34754"><ele>439.6</ele></trkpt>
      <trkpt lat="41.52758" lon="-77.34783"><ele>436.4</ele></trkpt>
      <trkpt lat="41.52767" lon="-77.34789"><ele>435.7</ele></trkpt>
      <trkpt lat="41.52779" lon="-77.34796"><ele>434.2</ele></trkpt>
      <trkpt lat="41.5278" lon="-77.34796"><ele>434.1</ele></trkpt>
      <trkpt lat="41.5279" lon="-77.348"><ele>432.8</ele></trkpt>
      <trkpt lat="41.52797" lon="-77.34802"><ele>432.0</ele></trkpt>
      <trkpt lat="41.52831" lon="-77.34809"><ele>428.5</ele></trkpt>
      <trkpt lat="41.52846" lon="-77.34811"><ele>426.6</ele></trkpt>
      <trkpt lat="41.52851" lon="-77.34811"><ele>426.2</ele></trkpt>
      <trkpt lat="41.52867" lon="-77.34811"><ele>425.2</ele></trkpt>
      <trkpt lat="41.52869" lon="-77.34811"><ele>425.1</ele></trkpt>
      <trkpt lat="41.52879" lon="-77.3481"><ele>424.7</ele></trkpt>
      <trkpt lat="41.52885" lon="-77.34808"><ele>424.7</ele></trkpt>
      <trkpt lat="41.52887" lon="-77.34808"><ele>424.7</ele></trkpt>
      <trkpt lat="41.52898" lon="-77.34804"><ele>424.8</ele></trkpt>
      <trkpt lat="41.52907" lon="-77.34802"><ele>424.8</ele></trkpt>
      <trkpt lat="41.52917" lon="-77.34801"><ele>424.5</ele></trkpt>
      <trkpt lat="41.52924" lon="-77.34802"><ele>424.0</ele></trkpt>
      <trkpt lat="41.5294" lon="-77.34804"><ele>421.5</ele></trkpt>
      <trkpt lat="41.52955" lon="-77.34806"><ele>418.5</ele></trkpt>
      <trkpt lat="41.5297" lon="-77.34807"><ele>417.2</ele></trkpt>
      <trkpt lat="41.52976" lon="-77.34807"><ele>416.9</ele></trkpt>
      <trkpt lat="41.52984" lon="-77.34807"><ele>416.3</ele></trkpt>
      <trkpt lat="41.52993" lon="-77.34804"><ele>415.8</ele></trkpt>
      <trkpt lat="41.53002" lon="-77.348"><ele>415.2</ele></trkpt>
      <trkpt lat="41.5301" lon="-77.34795"><ele>415.0</ele></trkpt>
      <trkpt lat="41.530119" lon="-77.34794"><ele>414.9</ele></trkpt>
      <trkpt lat="41.53015" lon="-77.34791"><ele>415.0</ele></trkpt>
      <trkpt lat="41.53025" lon="-77.3478"><ele>415.6</ele></trkpt>
      <trkpt lat="41.53034" lon="-77.34773"><ele>415.5</ele></trkpt>
      <trkpt lat="41.53041" lon="-77.34769"><ele>415.0</ele></trkpt>
      <trkpt lat="41.53045" lon="-77.34768"><ele>414.4</ele></trkpt>
      <trkpt lat="41.5305" lon="-77.34766"><ele>413.8</ele></trkpt>
      <trkpt lat="41.53063" lon="-77.34766"><ele>412.0</ele></trkpt>
      <trkpt lat="41.530679" lon="-77.34766"><ele>411.4</ele></trkpt>
      <trkpt lat="41.53073" lon="-77.347669"><ele>410.6</ele></trkpt>
      <trkpt lat="41.53093" lon="-77.34774"><ele>406.5</ele></trkpt>
      <trkpt lat="41.53096" lon="-77.34775"><ele>405.9</ele></trkpt>
      <trkpt lat="41.53107" lon="-77.34777"><ele>404.0</ele></trkpt>
      <trkpt lat="41.53112" lon="-77.347759"><ele>403.1</ele></trkpt>
      <trkpt lat="41.53117" lon="-77.34774"><ele>402.0</ele></trkpt>
      <trkpt lat="41.53121" lon="-77.3477"><ele>401.5</ele></trkpt>
      <trkpt lat="41.53128" lon="-77.34763"><ele>400.0</ele></trkpt>
      <trkpt lat="41.5313" lon="-77.3476"><ele>399.7</ele></trkpt>
      <trkpt lat="41.53131" lon="-77.34757"><ele>399.4</ele></trkpt>
      <trkpt lat="41.53132" lon="-77.34753"><ele>399.2</ele></trkpt>
      <trkpt lat="41.53135" lon="-77.34736"><ele>398.4</ele></trkpt>
      <trkpt lat="41.53136" lon="-77.34729"><ele>398.4</ele></trkpt>
      <trkpt lat="41.53136" lon="-77.34724"><ele>398.4</ele></trkpt>
      <trkpt lat="41.53136" lon="-77.3472"><ele>398.4</ele></trkpt>
      <trkpt lat="41.53137" lon="-77.34718"><ele>398.5</ele></trkpt>
      <trkpt lat="41.5314" lon="-77.34716"><ele>398.6</ele></trkpt>
      <trkpt lat="41.53144" lon="-77.34716"><ele>399.2</ele></trkpt>
      <trkpt lat="41.53146" lon="-77.34716"><ele>399.5</ele></trkpt>
      <trkpt lat="41.53148" lon="-77.34718"><ele>399.7</ele></trkpt>
      <trkpt lat="41.53149" lon="-77.34723"><ele>400.0</ele></trkpt>
      <trkpt lat="41.5315" lon="-77.34724"><ele>400.5</ele></trkpt>
      <trkpt lat="41.531529" lon="-77.34742"><ele>401.5</ele></trkpt>
      <trkpt lat="41.53155" lon="-77.34747"><ele>402.3</ele></trkpt>
      <trkpt lat="41.53159" lon="-77.34763"><ele>404.3</ele></trkpt>
      <trkpt lat="41.53164" lon="-77.34781"><ele>407.3</ele></trkpt>
      <trkpt lat="41.53165" lon="-77.34793"><ele>407.0</ele></trkpt>
      <trkpt lat="41.53168" lon="-77.34811"><ele>406.7</ele></trkpt>
      <trkpt lat="41.5317" lon="-77.34822"><ele>406.4</ele></trkpt>
      <trkpt lat="41.53172" lon="-77.34828"><ele>406.3</ele></trkpt>
      <trkpt lat="41.53177" lon="-77.34838"><ele>406.0</ele></trkpt>
      <trkpt lat="41.53189" lon="-77.34863"><ele>404.7</ele></trkpt>
      <trkpt lat="41.53196" lon="-77.3488"><ele>402.7</ele></trkpt>
      <trkpt lat="41.531999" lon="-77.34887"><ele>402.4</ele></trkpt>
      <trkpt lat="41.53212" lon="-77.34909"><ele>401.3</ele></trkpt>
      <trkpt lat="41.5322" lon="-77.34921"><ele>400.8</ele></trkpt>
      <trkpt lat="41.53232" lon="-77.34932"><ele>401.1</ele></trkpt>
      <trkpt lat="41.53246" lon="-77.34947"><ele>401.3</ele></trkpt>
      <trkpt lat="41.5326" lon="-77.34962"><ele>401.2</ele></trkpt>
      <trkpt lat="41.53264" lon="-77.34966"><ele>401.4</ele></trkpt>
      <trkpt lat="41.5327" lon="-77.349729"><ele>401.5</ele></trkpt>
      <trkpt lat="41.53284" lon="-77.34994"><ele>400.5</ele></trkpt>
      <trkpt lat="41.53294" lon="-77.3501"><ele>398.5</ele></trkpt>
      <trkpt lat="41.53305" lon="-77.35033"><ele>395.7</ele></trkpt>
      <trkpt lat="41.53306" lon="-77.35035"><ele>395.5</ele></trkpt>
      <trkpt lat="41.53315" lon="-77.35056"><ele>393.4</ele></trkpt>
      <trkpt lat="41.53327" lon="-77.35082"><ele>389.2</ele></trkpt>
      <trkpt lat="41.53342" lon="-77.35111"><ele>387.2</ele></trkpt>
      <trkpt lat="41.53344" lon="-77.35117"><ele>386.4</ele></trkpt>
      <trkpt lat="41.53347" lon="-77.351249"><ele>385.1</ele></trkpt>
      <trkpt lat="41.53348" lon="-77.3513"><ele>384.1</ele></trkpt>
      <trkpt lat="41.53348" lon="-77.35138"><ele>382.4</ele></trkpt>
      <trkpt lat="41.53348" lon="-77.3514"><ele>382.1</ele></trkpt>
      <trkpt lat="41.53348" lon="-77.35151"><ele>380.6</ele></trkpt>
      <trkpt lat="41.53348" lon="-77.35156"><ele>380.2</ele></trkpt>
      <trkpt lat="41.533499" lon="-77.351609"><ele>380.1</ele></trkpt>
      <trkpt lat="41.53351" lon="-77.35163"><ele>380.1</ele></trkpt>
      <trkpt lat="41.53362" lon="-77.35188"><ele>381.9</ele></trkpt>
      <trkpt lat="41.53371" lon="-77.35203"><ele>382.2</ele></trkpt>
      <trkpt lat="41.53372" lon="-77.35205"><ele>382.3</ele></trkpt>
      <trkpt lat="41.5338" lon="-77.3522"><ele>382.4</ele></trkpt>
      <trkpt lat="41.53382" lon="-77.35222"><ele>382.1</ele></trkpt>
      <trkpt lat="41.53392" lon="-77.35239"><ele>380.8</ele></trkpt>
      <trkpt lat="41.53393" lon="-77.3524"><ele>380.6</ele></trkpt>
      <trkpt lat="41.53408" lon="-77.35266"><ele>379.9</ele></trkpt>
      <trkpt lat="41.53416" lon="-77.35278"><ele>380.2</ele></trkpt>
      <trkpt lat="41.53425" lon="-77.35291"><ele>381.8</ele></trkpt>
      <trkpt lat="41.53432" lon="-77.35298"><ele>382.7</ele></trkpt>
      <trkpt lat="41.53446" lon="-77.35308"><ele>382.3</ele></trkpt>
      <trkpt lat="41.53459" lon="-77.35321"><ele>380.6</ele></trkpt>
      <trkpt lat="41.53469" lon="-77.35332"><ele>379.4</ele></trkpt>
      <trkpt lat="41.53478" lon="-77.35344"><ele>379.0</ele></trkpt>
      <trkpt lat="41.53484" lon="-77.35354"><ele>378.9</ele></trkpt>
      <trkpt lat="41.53486" lon="-77.35356"><ele>378.8</ele></trkpt>
      <trkpt lat="41.53495" lon="-77.35372"><ele>378.9</ele></trkpt>
      <trkpt lat="41.53497" lon="-77.35375"><ele>378.8</ele></trkpt>
      <trkpt lat="41.53505" lon="-77.35386"><ele>378.2</ele></trkpt>
      <trkpt lat="41.535089" lon="-77.3539"><ele>377.7</ele></trkpt>
      <trkpt lat="41.53519" lon="-77.354"><ele>376.3</ele></trkpt>
      <trkpt lat="41.53538" lon="-77.35412"><ele>374.0</ele></trkpt>
      <trkpt lat="41.53541" lon="-77.35415"><ele>373.7</ele></trkpt>
      <trkpt lat="41.53545" lon="-77.35417"><ele>373.2</ele></trkpt>
      <trkpt lat="41.53551" lon="-77.35423"><ele>372.6</ele></trkpt>
      <trkpt lat="41.535559" lon="-77.35428"><ele>372.1</ele></trkpt>
      <trkpt lat="41.53558" lon="-77.3543"><ele>372.0</ele></trkpt>
      <trkpt lat="41.53566" lon="-77.35442"><ele>371.7</ele></trkpt>
      <trkpt lat="41.53581" lon="-77.35463"><ele>370.7</ele></trkpt>
      <trkpt lat="41.53582" lon="-77.35465"><ele>370.6</ele></trkpt>
      <trkpt lat="41.53588" lon="-77.35472"><ele>370.1</ele></trkpt>
      <trkpt lat="41.53595" lon="-77.35477"><ele>369.4</ele></trkpt>
      <trkpt lat="41.53599" lon="-77.3548"><ele>369.0</ele></trkpt>
      <trkpt lat="41.53614" lon="-77.35497"><ele>367.6</ele></trkpt>
      <trkpt lat="41.5362" lon="-77.355009"><ele>367.4</ele></trkpt>
      <trkpt lat="41.53657" lon="-77.35527"><ele>366.5</ele></trkpt>
      <trkpt lat="41.53663" lon="-77.35531"><ele>366.4</ele></trkpt>
      <trkpt lat="41.53686" lon="-77.35548"><ele>365.3</ele></trkpt>
      <trkpt lat="41.536969" lon="-77.35557"><ele>363.7</ele></trkpt>
      <trkpt lat="41.53703" lon="-77.35563"><ele>363.1</ele></trkpt>
      <trkpt lat="41.537059" lon="-77.35566"><ele>362.8</ele></trkpt>
      <trkpt lat="41.53717" lon="-77.35578"><ele>361.9</ele></trkpt>
      <trkpt lat="41.53723" lon="-77.35585"><ele>362.0</ele></trkpt>
      <trkpt lat="41.53734" lon="-77.35599"><ele>362.3</ele></trkpt>
      <trkpt lat="41.53739" lon="-77.35603"><ele>362.4</ele></trkpt>
      <trkpt lat="41.53745" lon="-77.35607"><ele>362.5</ele></trkpt>
      <trkpt lat="41.53748" lon="-77.35609"><ele>362.5</ele></trkpt>
      <trkpt lat="41.53757" lon="-77.35614"><ele>362.4</ele></trkpt>
      <trkpt lat="41.53785" lon="-77.35623"><ele>360.7</ele></trkpt>
      <trkpt lat="41.53804" lon="-77.35629"><ele>359.8</ele></trkpt>
      <trkpt lat="41.53815" lon="-77.35633"><ele>359.2</ele></trkpt>
      <trkpt lat="41.53833" lon="-77.356399"><ele>357.2</ele></trkpt>
      <trkpt lat="41.53843" lon="-77.35646"><ele>356.4</ele></trkpt>
      <trkpt lat="41.53849" lon="-77.3565"><ele>356.2</ele></trkpt>
      <trkpt lat="41.53862" lon="-77.35662"><ele>355.6</ele></trkpt>
      <trkpt lat="41.53869" lon="-77.3567"><ele>355.3</ele></trkpt>
      <trkpt lat="41.53876" lon="-77.35679"><ele>355.1</ele></trkpt>
      <trkpt lat="41.538849" lon="-77.35689"><ele>354.9</ele></trkpt>
      <trkpt lat="41.53891" lon="-77.356979"><ele>354.9</ele></trkpt>
      <trkpt lat="41.53896" lon="-77.35706"><ele>354.8</ele></trkpt>
      <trkpt lat="41.53905" lon="-77.357249"><ele>354.8</ele></trkpt>
      <trkpt lat="41.53909" lon="-77.35736"><ele>355.2</ele></trkpt>
      <trkpt lat="41.5391" lon="-77.3574"><ele>355.4</ele></trkpt>
      <trkpt lat="41.53916" lon="-77.3575"><ele>355.4</ele></trkpt>
      <trkpt lat="41.5392" lon="-77.35755"><ele>355.3</ele></trkpt>
      <trkpt lat="41.53929" lon="-77.35767"><ele>355.1</ele></trkpt>
      <trkpt lat="41.53951" lon="-77.35789"><ele>354.2</ele></trkpt>
      <trkpt lat="41.53962" lon="-77.358"><ele>353.9</ele></trkpt>
      <trkpt lat="41.53973" lon="-77.35812"><ele>352.5</ele></trkpt>
      <trkpt lat="41.53985" lon="-77.35824"><ele>350.4</ele></trkpt>
      <trkpt lat="41.540349" lon="-77.3587"><ele>349.5</ele></trkpt>
      <trkpt lat="41.540349" lon="-77.35871"><ele>349.6</ele></trkpt>
      <trkpt lat="41.54059" lon="-77.358949"><ele>349.8</ele></trkpt>
      <trkpt lat="41.54073" lon="-77.35907"><ele>350.0</ele></trkpt>
      <trkpt lat="41.54079" lon="-77.359129"><ele>350.3</ele></trkpt>
      <trkpt lat="41.54095" lon="-77.35923"><ele>349.8</ele></trkpt>
      <trkpt lat="41.54102" lon="-77.35928"><ele>349.4</ele></trkpt>
      <trkpt lat="41.54106" lon="-77.35932"><ele>349.3</ele></trkpt>
      <trkpt lat="41.54111" lon="-77.35937"><ele>349.2</ele></trkpt>
      <trkpt lat="41.54123" lon="-77.3595"><ele>348.9</ele></trkpt>
      <trkpt lat="41.54132" lon="-77.3596"><ele>348.7</ele></trkpt>
      <trkpt lat="41.54153" lon="-77.3598"><ele>346.8</ele></trkpt>
      <trkpt lat="41.54155" lon="-77.35982"><ele>346.5</ele></trkpt>
      <trkpt lat="41.54163" lon="-77.3599"><ele>345.2</ele></trkpt>
      <trkpt lat="41.54167" lon="-77.35994"><ele>344.6</ele></trkpt>
      <trkpt lat="41.541759" lon="-77.36004"><ele>343.9</ele></trkpt>
      <trkpt lat="41.54189" lon="-77.36021"><ele>343.9</ele></trkpt>
      <trkpt lat="41.54197" lon="-77.36031"><ele>343.8</ele></trkpt>
      <trkpt lat="41.54205" lon="-77.36045"><ele>343.9</ele></trkpt>
      <trkpt lat="41.54209" lon="-77.3605"><ele>343.7</ele></trkpt>
      <trkpt lat="41.5423" lon="-77.36077"><ele>342.6</ele></trkpt>
      <trkpt lat="41.54239" lon="-77.36089"><ele>342.3</ele></trkpt>
      <trkpt lat="41.54244" lon="-77.36095"><ele>341.8</ele></trkpt>
      <trkpt lat="41.54256" lon="-77.36105"><ele>339.4</ele></trkpt>
      <trkpt lat="41.5426" lon="-77.36107"><ele>338.7</ele></trkpt>
      <trkpt lat="41.54273" lon="-77.36117"><ele>337.6</ele></trkpt>
      <trkpt lat="41.5429" lon="-77.36132"><ele>337.5</ele></trkpt>
      <trkpt lat="41.54292" lon="-77.36133"><ele>337.5</ele></trkpt>
      <trkpt lat="41.54299" lon="-77.36138"><ele>337.6</ele></trkpt>
      <trkpt lat="41.54307" lon="-77.36141"><ele>337.3</ele></trkpt>
      <trkpt lat="41.54313" lon="-77.36144"><ele>337.0</ele></trkpt>
      <trkpt lat="41.54324" lon="-77.3615"><ele>336.4</ele></trkpt>
      <trkpt lat="41.54341" lon="-77.36159"><ele>335.5</ele></trkpt>
      <trkpt lat="41.54357" lon="-77.36169"><ele>334.7</ele></trkpt>
      <trkpt lat="41.5436" lon="-77.36171"><ele>334.5</ele></trkpt>
      <trkpt lat="41.543729" lon="-77.36176"><ele>334.4</ele></trkpt>
      <trkpt lat="41.54374" lon="-77.36177"><ele>334.4</ele></trkpt>
      <trkpt lat="41.54377" lon="-77.36179"><ele>334.5</ele></trkpt>
      <trkpt lat="41.543909" lon="-77.361859"><ele>334.6</ele></trkpt>
      <trkpt lat="41.5441" lon="-77.36202"><ele>336.8</ele></trkpt>
      <trkpt lat="41.54419" lon="-77.36216"><ele>338.0</ele></trkpt>
      <trkpt lat="41.544289" lon="-77.36236"><ele>338.3</ele></trkpt>
      <trkpt lat="41.54431" lon="-77.36239"><ele>338.4</ele></trkpt>
      <trkpt lat="41.54437" lon="-77.36257"><ele>338.0</ele></trkpt>
      <trkpt lat="41.5444" lon="-77.36267"><ele>337.4</ele></trkpt>
      <trkpt lat="41.54444" lon="-77.36279"><ele>336.5</ele></trkpt>
      <trkpt lat="41.54451" lon="-77.36301"><ele>333.5</ele></trkpt>
      <trkpt lat="41.54454" lon="-77.36309"><ele>332.5</ele></trkpt>
      <trkpt lat="41.54461" lon="-77.36347"><ele>329.9</ele></trkpt>
      <trkpt lat="41.54468" lon="-77.36385"><ele>329.2</ele></trkpt>
      <trkpt lat="41.54475" lon="-77.36417"><ele>329.3</ele></trkpt>
      <trkpt lat="41.54479" lon="-77.36441"><ele>331.0</ele></trkpt>
      <trkpt lat="41.544849" lon="-77.36473"><ele>334.7</ele></trkpt>
      <trkpt lat="41.54495" lon="-77.36534"><ele>335.1</ele></trkpt>
      <trkpt lat="41.54496" lon="-77.36538"><ele>335.0</ele></trkpt>
      <trkpt lat="41.54501" lon="-77.36557"><ele>335.0</ele></trkpt>
      <trkpt lat="41.54509" lon="-77.36588"><ele>334.9</ele></trkpt>
      <trkpt lat="41.54513" lon="-77.36602"><ele>334.7</ele></trkpt>
      <trkpt lat="41.54519" lon="-77.366249"><ele>334.7</ele></trkpt>
      <trkpt lat="41.5452" lon="-77.36629"><ele>334.6</ele></trkpt>
      <trkpt lat="41.54535" lon="-77.36668"><ele>337.4</ele></trkpt>
      <trkpt lat="41.54542" lon="-77.36688"><ele>338.2</ele></trkpt>
      <trkpt lat="41.54549" lon="-77.36712"><ele>337.7</ele></trkpt>
      <trkpt lat="41.54556" lon="-77.36734"><ele>338.9</ele></trkpt>
      <trkpt lat="41.54558" lon="-77.36741"><ele>338.9</ele></trkpt>
      <trkpt lat="41.54562" lon="-77.36757"><ele>338.7</ele></trkpt>
      <trkpt lat="41.54566" lon="-77.36775"><ele>338.7</ele></trkpt>
      <trkpt lat="41.54567" lon="-77.3678"><ele>338.7</ele></trkpt>
      <trkpt lat="41.54577" lon="-77.36846"><ele>337.6</ele></trkpt>
      <trkpt lat="41.54578" lon="-77.3685"><ele>337.5</ele></trkpt>
      <trkpt lat="41.5458" lon="-77.36862"><ele>336.9</ele></trkpt>
      <trkpt lat="41.54583" lon="-77.36873"><ele>336.6</ele></trkpt>
      <trkpt lat="41.54585" lon="-77.36877"><ele>336.6</ele></trkpt>
      <trkpt lat="41.545879" lon="-77.36882"><ele>336.5</ele></trkpt>
      <trkpt lat="41.5459" lon="-77.36884"><ele>336.5</ele></trkpt>
      <trkpt lat="41.54592" lon="-77.36886"><ele>336.5</ele></trkpt>
      <trkpt lat="41.54596" lon="-77.36888"><ele>336.5</ele></trkpt>
      <trkpt lat="41.545969" lon="-77.36888"><ele>336.6</ele></trkpt>
      <trkpt lat="41.54598" lon="-77.368889"><ele>336.5</ele></trkpt>
      <trkpt lat="41.54602" lon="-77.3689"><ele>336.5</ele></trkpt>
      <trkpt lat="41.54606" lon="-77.3689"><ele>336.4</ele></trkpt>
      <trkpt lat="41.54612" lon="-77.3689"><ele>336.3</ele></trkpt>
      <trkpt lat="41.546169" lon="-77.368889"><ele>336.2</ele></trkpt>
      <trkpt lat="41.54631" lon="-77.36884"><ele>335.9</ele></trkpt>
      <trkpt lat="41.54648" lon="-77.36874"><ele>336.0</ele></trkpt>
      <trkpt lat="41.54649" lon="-77.36874"><ele>336.0</ele></trkpt>
      <trkpt lat="41.54653" lon="-77.368709"><ele>336.3</ele></trkpt>
      <trkpt lat="41.54663" lon="-77.36863"><ele>337.1</ele></trkpt>
      <trkpt lat="41.546639" lon="-77.36862"><ele>337.2</ele></trkpt>
      <trkpt lat="41.54667" lon="-77.3686"><ele>337.3</ele></trkpt>
      <trkpt lat="41.54677" lon="-77.3685"><ele>337.4</ele></trkpt>
      <trkpt lat="41.54678" lon="-77.36849"><ele>337.4</ele></trkpt>
      <trkpt lat="41.54679" lon="-77.36849"><ele>337.4</ele></trkpt>
      <trkpt lat="41.5468" lon="-77.36848"><ele>337.4</ele></trkpt>
      <trkpt lat="41.546819" lon="-77.36848"><ele>337.5</ele></trkpt>
      <trkpt lat="41.54683" lon="-77.36848"><ele>337.5</ele></trkpt>
      <trkpt lat="41.54684" lon="-77.36849"><ele>337.5</ele></trkpt>
      <trkpt lat="41.54685" lon="-77.36849"><ele>337.6</ele></trkpt>
      <trkpt lat="41.54686" lon="-77.3685"><ele>337.7</ele></trkpt>
      <trkpt lat="41.54687" lon="-77.36851"><ele>337.8</ele></trkpt>
      <trkpt lat="41.54687" lon="-77.36852"><ele>337.8</ele></trkpt>
      <trkpt lat="41.54688" lon="-77.36853"><ele>338.0</ele></trkpt>
      <trkpt lat="41.54689" lon="-77.36856"><ele>338.4</ele></trkpt>
      <trkpt lat="41.54689" lon="-77.36858"><ele>338.5</ele></trkpt>
      <trkpt lat="41.54689" lon="-77.3686"><ele>338.7</ele></trkpt>
      <trkpt lat="41.54688" lon="-77.36862"><ele>338.7</ele></trkpt>
      <trkpt lat="41.54688" lon="-77.36863"><ele>338.8</ele></trkpt>
      <trkpt lat="41.54687" lon="-77.36866"><ele>338.9</ele></trkpt>
      <trkpt lat="41.54684" lon="-77.36872"><ele>338.8</ele></trkpt>
      <trkpt lat="41.54678" lon="-77.36883"><ele>338.7</ele></trkpt>
      <trkpt lat="41.54677" lon="-77.36884"><ele>338.5</ele></trkpt>
      <trkpt lat="41.54667" lon="-77.36896"><ele>337.4</ele></trkpt>
      <trkpt lat="41.54656" lon="-77.36914"><ele>336.9</ele></trkpt>
      <trkpt lat="41.54652" lon="-77.36922"><ele>336.9</ele></trkpt>
      <trkpt lat="41.54649" lon="-77.36941"><ele>337.8</ele></trkpt>
      <trkpt lat="41.54647" lon="-77.36947"><ele>338.0</ele></trkpt>
      <trkpt lat="41.54645" lon="-77.36964"><ele>339.0</ele></trkpt>
      <trkpt lat="41.546439" lon="-77.3697"><ele>339.4</ele></trkpt>
      <trkpt lat="41.546439" lon="-77.369739"><ele>339.8</ele></trkpt>
      <trkpt lat="41.54643" lon="-77.36976"><ele>339.8</ele></trkpt>
      <trkpt lat="41.54643" lon="-77.36977"><ele>339.9</ele></trkpt>
      <trkpt lat="41.54642" lon="-77.36978"><ele>339.9</ele></trkpt>
      <trkpt lat="41.54641" lon="-77.36979"><ele>339.9</ele></trkpt>
      <trkpt lat="41.54638" lon="-77.36979"><ele>339.6</ele></trkpt>
      <trkpt lat="41.54637" lon="-77.36979"><ele>339.6</ele></trkpt>
      <trkpt lat="41.546349" lon="-77.36979"><ele>339.5</ele></trkpt>
      <trkpt lat="41.54631" lon="-77.36979"><ele>339.3</ele></trkpt>
      <trkpt lat="41.54615" lon="-77.36978"><ele>339.0</ele></trkpt>
      <trkpt lat="41.5461" lon="-77.36978"><ele>338.8</ele></trkpt>
      <trkpt lat="41.54605" lon="-77.36979"><ele>338.4</ele></trkpt>
      <trkpt lat="41.546" lon="-77.36981"><ele>338.2</ele></trkpt>
      <trkpt lat="41.545969" lon="-77.36984"><ele>338.1</ele></trkpt>
      <trkpt lat="41.54592" lon="-77.36988"><ele>337.8</ele></trkpt>
      <trkpt lat="41.5459" lon="-77.3699"><ele>337.7</ele></trkpt>
      <trkpt lat="41.54589" lon="-77.369919"><ele>337.7</ele></trkpt>
      <trkpt lat="41.54587" lon="-77.36996"><ele>337.6</ele></trkpt>
      <trkpt lat="41.54587" lon="-77.36997"><ele>337.7</ele></trkpt>
      <trkpt lat="41.54585" lon="-77.370009"><ele>337.5</ele></trkpt>
      <trkpt lat="41.54583" lon="-77.37012"><ele>337.6</ele></trkpt>
      <trkpt lat="41.54581" lon="-77.37018"><ele>337.5</ele></trkpt>
      <trkpt lat="41.545789" lon="-77.37039"><ele>337.8</ele></trkpt>
      <trkpt lat="41.54578" lon="-77.37061"><ele>338.0</ele></trkpt>
      <trkpt lat="41.54577" lon="-77.370679"><ele>338.0</ele></trkpt>
      <trkpt lat="41.54576" lon="-77.37085"><ele>338.0</ele></trkpt>
      <trkpt lat="41.54575" lon="-77.37092"><ele>337.9</ele></trkpt>
      <trkpt lat="41.54574" lon="-77.37109"><ele>338.0</ele></trkpt>
      <trkpt lat="41.54573" lon="-77.37133"><ele>338.3</ele></trkpt>
      <trkpt lat="41.54573" lon="-77.3714"><ele>338.5</ele></trkpt>
      <trkpt lat="41.54572" lon="-77.37157"><ele>338.9</ele></trkpt>
      <trkpt lat="41.54572" lon="-77.37164"><ele>339.0</ele></trkpt>
      <trkpt lat="41.54571" lon="-77.37179"><ele>339.2</ele></trkpt>
      <trkpt lat="41.54571" lon="-77.37185"><ele>339.3</ele></trkpt>
      <trkpt lat="41.545699" lon="-77.37218"><ele>340.2</ele></trkpt>
      <trkpt lat="41.545699" lon="-77.3723"><ele>340.8</ele></trkpt>
      <trkpt lat="41.54569" lon="-77.37236"><ele>340.8</ele></trkpt>
      <trkpt lat="41.54569" lon="-77.37243"><ele>341.1</ele></trkpt>
      <trkpt lat="41.54567" lon="-77.37253"><ele>340.8</ele></trkpt>
      <trkpt lat="41.54566" lon="-77.372559"><ele>340.5</ele></trkpt>
      <trkpt lat="41.54566" lon="-77.37259"><ele>340.6</ele></trkpt>
      <trkpt lat="41.54564" lon="-77.3727"><ele>340.5</ele></trkpt>
      <trkpt lat="41.54561" lon="-77.37288"><ele>340.7</ele></trkpt>
      <trkpt lat="41.54558" lon="-77.37297"><ele>340.1</ele></trkpt>
      <trkpt lat="41.54557" lon="-77.373009"><ele>340.0</ele></trkpt>
      <trkpt lat="41.54557" lon="-77.37305"><ele>340.1</ele></trkpt>
      <trkpt lat="41.54553" lon="-77.37322"><ele>339.5</ele></trkpt>
      <trkpt lat="41.54552" lon="-77.37329"><ele>339.5</ele></trkpt>
      <trkpt lat="41.54549" lon="-77.37347"><ele>339.3</ele></trkpt>
      <trkpt lat="41.54548" lon="-77.37352"><ele>339.2</ele></trkpt>
      <trkpt lat="41.54537" lon="-77.37405"><ele>339.1</ele></trkpt>
      <trkpt lat="41.54536" lon="-77.37416"><ele>339.5</ele></trkpt>
      <trkpt lat="41.54535" lon="-77.374219"><ele>339.5</ele></trkpt>
      <trkpt lat="41.545319" lon="-77.3744"><ele>339.6</ele></trkpt>
      <trkpt lat="41.54531" lon="-77.37446"><ele>339.5</ele></trkpt>
      <trkpt lat="41.5453" lon="-77.3746"><ele>339.3</ele></trkpt>
      <trkpt lat="41.5453" lon="-77.37463"><ele>339.3</ele></trkpt>
      <trkpt lat="41.5453" lon="-77.37469"><ele>339.2</ele></trkpt>
      <trkpt lat="41.5453" lon="-77.37487"><ele>338.9</ele></trkpt>
      <trkpt lat="41.54531" lon="-77.375"><ele>339.2</ele></trkpt>
      <trkpt lat="41.545319" lon="-77.37511"><ele>339.2</ele></trkpt>
      <trkpt lat="41.545319" lon="-77.37517"><ele>339.0</ele></trkpt>
      <trkpt lat="41.54534" lon="-77.37535"><ele>339.0</ele></trkpt>
      <trkpt lat="41.54538" lon="-77.37559"><ele>339.6</ele></trkpt>
      <trkpt lat="41.5454" lon="-77.375739"><ele>339.8</ele></trkpt>
      <trkpt lat="41.545409" lon="-77.37582"><ele>339.9</ele></trkpt>
      <trkpt lat="41.54542" lon="-77.37588"><ele>340.1</ele></trkpt>
      <trkpt lat="41.54544" lon="-77.37606"><ele>340.4</ele></trkpt>
      <trkpt lat="41.54544" lon="-77.37612"><ele>340.4</ele></trkpt>
      <trkpt lat="41.54544" lon="-77.37626"><ele>340.2</ele></trkpt>
      <trkpt lat="41.54543" lon="-77.3763"><ele>339.9</ele></trkpt>
      <trkpt lat="41.545409" lon="-77.37673"><ele>339.0</ele></trkpt>
      <trkpt lat="41.5454" lon="-77.37678"><ele>338.7</ele></trkpt>
      <trkpt lat="41.5454" lon="-77.37684"><ele>338.7</ele></trkpt>
      <trkpt lat="41.54539" lon="-77.37702"><ele>338.3</ele></trkpt>
      <trkpt lat="41.54539" lon="-77.37708"><ele>338.2</ele></trkpt>
      <trkpt lat="41.54538" lon="-77.37726"><ele>337.7</ele></trkpt>
      <trkpt lat="41.54537" lon="-77.37732"><ele>337.5</ele></trkpt>
      <trkpt lat="41.54535" lon="-77.37766"><ele>333.2</ele></trkpt>
      <trkpt lat="41.54535" lon="-77.37774"><ele>332.4</ele></trkpt>
      <trkpt lat="41.54536" lon="-77.377799"><ele>332.2</ele></trkpt>
      <trkpt lat="41.54537" lon="-77.37828"><ele>331.7</ele></trkpt>
      <trkpt lat="41.5454" lon="-77.37845"><ele>332.0</ele></trkpt>
      <trkpt lat="41.54545" lon="-77.37869"><ele>332.7</ele></trkpt>
      <trkpt lat="41.54553" lon="-77.37905"><ele>333.0</ele></trkpt>
      <trkpt lat="41.54555" lon="-77.37915"><ele>332.9</ele></trkpt>
      <trkpt lat="41.54569" lon="-77.37965"><ele>332.6</ele></trkpt>
      <trkpt lat="41.54573" lon="-77.37978"><ele>332.5</ele></trkpt>
      <trkpt lat="41.54574" lon="-77.37982"><ele>332.5</ele></trkpt>
      <trkpt lat="41.54582" lon="-77.38002"><ele>332.8</ele></trkpt>
      <trkpt lat="41.54586" lon="-77.38017"><ele>332.7</ele></trkpt>
      <trkpt lat="41.5459" lon="-77.38032"><ele>332.5</ele></trkpt>
      <trkpt lat="41.54593" lon="-77.3805"><ele>332.1</ele></trkpt>
      <trkpt lat="41.54595" lon="-77.38055"><ele>332.2</ele></trkpt>
      <trkpt lat="41.5461" lon="-77.38115"><ele>331.9</ele></trkpt>
      <trkpt lat="41.54611" lon="-77.38118"><ele>331.9</ele></trkpt>
      <trkpt lat="41.54619" lon="-77.38139"><ele>332.3</ele></trkpt>
      <trkpt lat="41.5462" lon="-77.38144"><ele>332.2</ele></trkpt>
      <trkpt lat="41.546349" lon="-77.38182"><ele>332.6</ele></trkpt>
      <trkpt lat="41.54636" lon="-77.38187"><ele>332.4</ele></trkpt>
      <trkpt lat="41.54639" lon="-77.38195"><ele>332.1</ele></trkpt>
      <trkpt lat="41.54645" lon="-77.38204"><ele>332.1</ele></trkpt>
      <trkpt lat="41.54647" lon="-77.38206"><ele>332.2</ele></trkpt>
      <trkpt lat="41.54654" lon="-77.38216"><ele>332.2</ele></trkpt>
      <trkpt lat="41.54671" lon="-77.38235"><ele>332.0</ele></trkpt>
      <trkpt lat="41.54674" lon="-77.38239"><ele>331.9</ele></trkpt>
      <trkpt lat="41.54676" lon="-77.38242"><ele>331.9</ele></trkpt>
      <trkpt lat="41.54685" lon="-77.382499"><ele>331.8</ele></trkpt>
      <trkpt lat="41.54688" lon="-77.38252"><ele>331.8</ele></trkpt>
      <trkpt lat="41.547" lon="-77.38262"><ele>331.5</ele></trkpt>
      <trkpt lat="41.54708" lon="-77.38267"><ele>331.3</ele></trkpt>
      <trkpt lat="41.54721" lon="-77.3827"><ele>331.2</ele></trkpt>
      <trkpt lat="41.54734" lon="-77.3827"><ele>331.3</ele></trkpt>
      <trkpt lat="41.54739" lon="-77.382679"><ele>331.5</ele></trkpt>
      <trkpt lat="41.54752" lon="-77.38263"><ele>331.8</ele></trkpt>
      <trkpt lat="41.54756" lon="-77.38262"><ele>331.7</ele></trkpt>
      <trkpt lat="41.547669" lon="-77.3826"><ele>331.4</ele></trkpt>
      <trkpt lat="41.5477" lon="-77.38258"><ele>331.4</ele></trkpt>
      <trkpt lat="41.54774" lon="-77.38256"><ele>331.3</ele></trkpt>
      <trkpt lat="41.54805" lon="-77.38243"><ele>330.7</ele></trkpt>
      <trkpt lat="41.54808" lon="-77.38242"><ele>330.5</ele></trkpt>
      <trkpt lat="41.54817" lon="-77.38237"><ele>330.3</ele></trkpt>
      <trkpt lat="41.54821" lon="-77.38234"><ele>330.4</ele></trkpt>
      <trkpt lat="41.54825" lon="-77.38232"><ele>330.4</ele></trkpt>
      <trkpt lat="41.54854" lon="-77.38215"><ele>330.1</ele></trkpt>
      <trkpt lat="41.54858" lon="-77.38213"><ele>330.1</ele></trkpt>
      <trkpt lat="41.54865" lon="-77.38209"><ele>329.8</ele></trkpt>
      <trkpt lat="41.548699" lon="-77.38205"><ele>330.2</ele></trkpt>
      <trkpt lat="41.54874" lon="-77.38203"><ele>330.1</ele></trkpt>
      <trkpt lat="41.54887" lon="-77.38196"><ele>329.9</ele></trkpt>
      <trkpt lat="41.5489" lon="-77.38193"><ele>330.2</ele></trkpt>
      <trkpt lat="41.54903" lon="-77.38186"><ele>329.2</ele></trkpt>
      <trkpt lat="41.54907" lon="-77.381829"><ele>329.3</ele></trkpt>
      <trkpt lat="41.54918" lon="-77.38173"><ele>329.3</ele></trkpt>
      <trkpt lat="41.54921" lon="-77.3817"><ele>329.3</ele></trkpt>
      <trkpt lat="41.54951" lon="-77.38142"><ele>330.4</ele></trkpt>
      <trkpt lat="41.54954" lon="-77.38139"><ele>330.9</ele></trkpt>
      <trkpt lat="41.54976" lon="-77.38115"><ele>331.1</ele></trkpt>
      <trkpt lat="41.54979" lon="-77.38112"><ele>331.5</ele></trkpt>
      <trkpt lat="41.55002" lon="-77.38088"><ele>331.5</ele></trkpt>
      <trkpt lat="41.55017" lon="-77.38069"><ele>332.5</ele></trkpt>
      <trkpt lat="41.550199" lon="-77.38066"><ele>332.6</ele></trkpt>
      <trkpt lat="41.55031" lon="-77.380529"><ele>332.3</ele></trkpt>
      <trkpt lat="41.55034" lon="-77.3805"><ele>331.7</ele></trkpt>
      <trkpt lat="41.55049" lon="-77.38036"><ele>329.5</ele></trkpt>
      <trkpt lat="41.55057" lon="-77.38029"><ele>329.1</ele></trkpt>
      <trkpt lat="41.5507" lon="-77.38013"><ele>327.2</ele></trkpt>
      <trkpt lat="41.55071" lon="-77.38012"><ele>327.1</ele></trkpt>
      <trkpt lat="41.55082" lon="-77.37999"><ele>324.9</ele></trkpt>
      <trkpt lat="41.55084" lon="-77.37997"><ele>324.1</ele></trkpt>
      <trkpt lat="41.55094" lon="-77.37984"><ele>321.6</ele></trkpt>
      <trkpt lat="41.55097" lon="-77.37981"><ele>321.3</ele></trkpt>
      <trkpt lat="41.55098" lon="-77.37979"><ele>321.6</ele></trkpt>
      <trkpt lat="41.55104" lon="-77.37973"><ele>321.6</ele></trkpt>
      <trkpt lat="41.55111" lon="-77.37966"><ele>321.1</ele></trkpt>
      <trkpt lat="41.551229" lon="-77.37953"><ele>319.7</ele></trkpt>
      <trkpt lat="41.55125" lon="-77.37951"><ele>319.0</ele></trkpt>
      <trkpt lat="41.5514" lon="-77.37938"><ele>315.2</ele></trkpt>
      <trkpt lat="41.55151" lon="-77.37929"><ele>314.0</ele></trkpt>
      <trkpt lat="41.55155" lon="-77.37925"><ele>313.7</ele></trkpt>
      <trkpt lat="41.55172" lon="-77.379099"><ele>311.2</ele></trkpt>
      <trkpt lat="41.5519" lon="-77.37893"><ele>307.9</ele></trkpt>
      <trkpt lat="41.55199" lon="-77.378829"><ele>306.3</ele></trkpt>
      <trkpt lat="41.552" lon="-77.378829"><ele>306.0</ele></trkpt>
      <trkpt lat="41.55215" lon="-77.37867"><ele>305.2</ele></trkpt>
      <trkpt lat="41.55231" lon="-77.37851"><ele>302.4</ele></trkpt>
      <trkpt lat="41.55242" lon="-77.3784"><ele>301.2</ele></trkpt>
      <trkpt lat="41.55242" lon="-77.37839"><ele>301.3</ele></trkpt>
      <trkpt lat="41.55257" lon="-77.37826"><ele>300.9</ele></trkpt>
      <trkpt lat="41.552639" lon="-77.3782"><ele>300.7</ele></trkpt>
      <trkpt lat="41.55289" lon="-77.37803"><ele>299.4</ele></trkpt>
      <trkpt lat="41.55322" lon="-77.377799"><ele>294.1</ele></trkpt>
      <trkpt lat="41.55352" lon="-77.37759"><ele>294.0</ele></trkpt>
      <trkpt lat="41.55353" lon="-77.37759"><ele>293.9</ele></trkpt>
      <trkpt lat="41.55357" lon="-77.37756"><ele>293.8</ele></trkpt>
      <trkpt lat="41.55369" lon="-77.37748"><ele>293.3</ele></trkpt>
      <trkpt lat="41.55369" lon="-77.37747"><ele>293.4</ele></trkpt>
      <trkpt lat="41.55397" lon="-77.37726"><ele>290.2</ele></trkpt>
      <trkpt lat="41.55415" lon="-77.37712"><ele>288.2</ele></trkpt>
      <trkpt lat="41.55415" lon="-77.37711"><ele>288.3</ele></trkpt>
      <trkpt lat="41.55447" lon="-77.37691"><ele>286.9</ele></trkpt>
      <trkpt lat="41.55464" lon="-77.37681"><ele>285.3</ele></trkpt>
      <trkpt lat="41.55465" lon="-77.3768"><ele>285.2</ele></trkpt>
      <trkpt lat="41.55497" lon="-77.37662"><ele>282.7</ele></trkpt>
      <trkpt lat="41.55518" lon="-77.37651"><ele>281.7</ele></trkpt>
      <trkpt lat="41.5553" lon="-77.37643"><ele>281.0</ele></trkpt>
      <trkpt lat="41.55532" lon="-77.37642"><ele>280.8</ele></trkpt>
      <trkpt lat="41.55556" lon="-77.37626"><ele>277.4</ele></trkpt>
      <trkpt lat="41.55563" lon="-77.37622"><ele>277.1</ele></trkpt>
      <trkpt lat="41.55567" lon="-77.3762"><ele>276.9</ele></trkpt>
      <trkpt lat="41.55579" lon="-77.37612"><ele>276.6</ele></trkpt>
      <trkpt lat="41.5558" lon="-77.37612"><ele>276.5</ele></trkpt>
      <trkpt lat="41.55587" lon="-77.37607"><ele>276.6</ele></trkpt>
      <trkpt lat="41.55595" lon="-77.37602"><ele>276.8</ele></trkpt>
      <trkpt lat="41.55596" lon="-77.37602"><ele>276.8</ele></trkpt>
      <trkpt lat="41.55603" lon="-77.37596"><ele>277.4</ele></trkpt>
      <trkpt lat="41.55609" lon="-77.37593"><ele>277.5</ele></trkpt>
      <trkpt lat="41.556109" lon="-77.37591"><ele>277.6</ele></trkpt>
      <trkpt lat="41.55612" lon="-77.37591"><ele>277.5</ele></trkpt>
      <trkpt lat="41.55615" lon="-77.37591"><ele>277.3</ele></trkpt>
      <trkpt lat="41.556199" lon="-77.375919"><ele>276.8</ele></trkpt>
      <trkpt lat="41.55624" lon="-77.37594"><ele>276.3</ele></trkpt>
      <trkpt lat="41.55627" lon="-77.37597"><ele>275.8</ele></trkpt>
      <trkpt lat="41.55628" lon="-77.37598"><ele>275.6</ele></trkpt>
      <trkpt lat="41.55632" lon="-77.37605"><ele>274.7</ele></trkpt>
      <trkpt lat="41.55635" lon="-77.37614"><ele>273.7</ele></trkpt>
      <trkpt lat="41.55643" lon="-77.37642"><ele>270.3</ele></trkpt>
      <trkpt lat="41.55648" lon="-77.37664"><ele>268.0</ele></trkpt>
      <trkpt lat="41.556489" lon="-77.37667"><ele>267.7</ele></trkpt>
      <trkpt lat="41.55652" lon="-77.376859"><ele>266.1</ele></trkpt>
      <trkpt lat="41.55652" lon="-77.37687"><ele>266.0</ele></trkpt>
      <trkpt lat="41.55652" lon="-77.37688"><ele>265.9</ele></trkpt>
      <trkpt lat="41.55655" lon="-77.37703"><ele>264.5</ele></trkpt>
      <trkpt lat="41.55655" lon="-77.37703"><ele>264.5</ele></trkpt>
      <trkpt lat="41.556522" lon="-77.377036"><ele>264.4</ele></trkpt>
      <trkpt lat="41.55655" lon="-77.37703"><ele>264.5</ele></trkpt>
      <trkpt lat="41.5573" lon="-77.37698"><ele>266.1</ele></trkpt>
      <trkpt lat="41.55805" lon="-77.37694"><ele>266.1</ele></trkpt>
      <trkpt lat="41.55826" lon="-77.37687"><ele>266.9</ele></trkpt>
      <trkpt lat="41.5588" lon="-77.37654"><ele>268.5</ele></trkpt>
      <trkpt lat="41.55903" lon="-77.37628"><ele>269.1</ele></trkpt>
      <trkpt lat="41.55961" lon="-77.37558"><ele>269.9</ele></trkpt>
      <trkpt lat="41.56013" lon="-77.37482"><ele>269.4</ele></trkpt>
      <trkpt lat="41.56065" lon="-77.37406"><ele>269.6</ele></trkpt>
      <trkpt lat="41.56117" lon="-77.37331"><ele>269.1</ele></trkpt>
      <trkpt lat="41.56182" lon="-77.37251"><ele>269.5</ele></trkpt>
      <trkpt lat="41.56207" lon="-77.37206"><ele>269.7</ele></trkpt>
      <trkpt lat="41.5622" lon="-77.37157"><ele>269.2</ele></trkpt>
      <trkpt lat="41.56216" lon="-77.37098"><ele>269.2</ele></trkpt>
      <trkpt lat="41.56201" lon="-77.37001"><ele>268.7</ele></trkpt>
      <trkpt lat="41.56177" lon="-77.36926"><ele>269.7</ele></trkpt>
      <trkpt lat="41.56159" lon="-77.36892"><ele>273.0</ele></trkpt>
      <trkpt lat="41.56114" lon="-77.36795"><ele>279.7</ele></trkpt>
      <trkpt lat="41.56102" lon="-77.36752"><ele>280.7</ele></trkpt>
      <trkpt lat="41.56084" lon="-77.36682"><ele>280.4</ele></trkpt>
      <trkpt lat="41.56067" lon="-77.36612"><ele>280.2</ele></trkpt>
      <trkpt lat="41.56058" lon="-77.36536"><ele>277.2</ele></trkpt>
      <trkpt lat="41.5605" lon="-77.36461"><ele>279.0</ele></trkpt>
      <trkpt lat="41.56049" lon="-77.36382"><ele>280.6</ele></trkpt>
      <trkpt lat="41.56061" lon="-77.36309"><ele>277.5</ele></trkpt>
      <trkpt lat="41.56077" lon="-77.36241"><ele>275.2</ele></trkpt>
      <trkpt lat="41.56093" lon="-77.36174"><ele>275.7</ele></trkpt>
      <trkpt lat="41.56117" lon="-77.36098"><ele>275.1</ele></trkpt>
      <trkpt lat="41.56146" lon="-77.36042"><ele>277.4</ele></trkpt>
      <trkpt lat="41.56183" lon="-77.35997"><ele>281.2</ele></trkpt>
      <trkpt lat="41.56238" lon="-77.35924"><ele>277.5</ele></trkpt>
      <trkpt lat="41.56292" lon="-77.35851"><ele>277.6</ele></trkpt>
      <trkpt lat="41.56339" lon="-77.35786"><ele>279.3</ele></trkpt>
      <trkpt lat="41.56386" lon="-77.35721"><ele>283.5</ele></trkpt>
      <trkpt lat="41.56433" lon="-77.35657"><ele>284.9</ele></trkpt>
      <trkpt lat="41.56467" lon="-77.35566"><ele>285.7</ele></trkpt>
      <trkpt lat="41.565" lon="-77.35476"><ele>286.5</ele></trkpt>
      <trkpt lat="41.56533" lon="-77.35386"><ele>290.0</ele></trkpt>
      <trkpt lat="41.56555" lon="-77.35312"><ele>289.4</ele></trkpt>
      <trkpt lat="41.5656" lon="-77.35238"><ele>290.3</ele></trkpt>
      <trkpt lat="41.56566" lon="-77.35164"><ele>290.1</ele></trkpt>
      <trkpt lat="41.5655" lon="-77.35066"><ele>290.9</ele></trkpt>
      <trkpt lat="41.56535" lon="-77.34968"><ele>289.9</ele></trkpt>
      <trkpt lat="41.5653" lon="-77.34899"><ele>288.3</ele></trkpt>
      <trkpt lat="41.56525" lon="-77.3483"><ele>285.1</ele></trkpt>
      <trkpt lat="41.56525" lon="-77.3476"><ele>283.3</ele></trkpt>
      <trkpt lat="41.56533" lon="-77.347"><ele>282.7</ele></trkpt>
      <trkpt lat="41.56552" lon="-77.34628"><ele>282.4</ele></trkpt>
      <trkpt lat="41.56556" lon="-77.34615"><ele>282.6</ele></trkpt>
      <trkpt lat="41.565334" lon="-77.347001"><ele>282.6</ele></trkpt>
      <trkpt lat="41.565335" lon="-77.346996"><ele>282.9</ele></trkpt>
      <trkpt lat="41.565421" lon="-77.34656"><ele>283.3</ele></trkpt>
      <trkpt lat="41.565512" lon="-77.346245"><ele>283.6</ele></trkpt>
      <trkpt lat="41.565581" lon="-77.346023"><ele>284.0</ele></trkpt>
      <trkpt lat="41.56568" lon="-77.345742"><ele>284.3</ele></trkpt>
      <trkpt lat="41.565803" lon="-77.345515"><ele>284.6</ele></trkpt>
      <trkpt lat="41.566218" lon="-77.344871"><ele>285.0</ele></trkpt>
      <trkpt lat="41.566307" lon="-77.344632"><ele>285.3</ele></trkpt>
      <trkpt lat="41.566362" lon="-77.344332"><ele>285.7</ele></trkpt>
      <trkpt lat="41.56634" lon="-77.343864"><ele>286.0</ele></trkpt>
      <trkpt lat="41.566323" lon="-77.343585"><ele>286.3</ele></trkpt>
      <trkpt lat="41.566327" lon="-77.34336"><ele>286.7</ele></trkpt>
      <trkpt lat="41.566333" lon="-77.343227"><ele>287.0</ele></trkpt>
      <trkpt lat="41.566391" lon="-77.342857"><ele>287.4</ele></trkpt>
      <trkpt lat="41.566495" lon="-77.342338"><ele>287.7</ele></trkpt>
      <trkpt lat="41.566593" lon="-77.341891"><ele>288.0</ele></trkpt>
      <trkpt lat="41.566633" lon="-77.341628"><ele>288.4</ele></trkpt>
      <trkpt lat="41.566647" lon="-77.34139"><ele>288.7</ele></trkpt>
      <trkpt lat="41.566645" lon="-77.341028"><ele>289.1</ele></trkpt>
      <trkpt lat="41.566657" lon="-77.340672"><ele>289.4</ele></trkpt>
      <trkpt lat="41.566712" lon="-77.340235"><ele>289.7</ele></trkpt>
      <trkpt lat="41.566765" lon="-77.339959"><ele>290.1</ele></trkpt>
      <trkpt lat="41.566877" lon="-77.339543"><ele>290.4</ele></trkpt>
      <trkpt lat="41.566949" lon="-77.339345"><ele>290.8</ele></trkpt>
      <trkpt lat="41.567162" lon="-77.338902"><ele>291.1</ele></trkpt>
      <trkpt lat="41.56735" lon="-77.338563"><ele>291.4</ele></trkpt>
      <trkpt lat="41.567608" lon="-77.338127"><ele>291.8</ele></trkpt>
      <trkpt lat="41.567776" lon="-77.337867"><ele>292.1</ele></trkpt>
      <trkpt lat="41.56794" lon="-77.337672"><ele>292.5</ele></trkpt>
      <trkpt lat="41.568161" lon="-77.337456"><ele>292.8</ele></trkpt>
      <trkpt lat="41.568444" lon="-77.337223"><ele>293.1</ele></trkpt>
      <trkpt lat="41.568947" lon="-77.336795"><ele>293.5</ele></trkpt>
      <trkpt lat="41.569181" lon="-77.336599"><ele>293.8</ele></trkpt>
      <trkpt lat="41.569648" lon="-77.336129"><ele>294.2</ele></trkpt>
      <trkpt lat="41.570511" lon="-77.335107"><ele>294.5</ele></trkpt>
      <trkpt lat="41.570651" lon="-77.334962"><ele>294.8</ele></trkpt>
      <trkpt lat="41.570789" lon="-77.334871"><ele>295.2</ele></trkpt>
      <trkpt lat="41.570931" lon="-77.334809"><ele>295.5</ele></trkpt>
      <trkpt lat="41.571114" lon="-77.334779"><ele>295.9</ele></trkpt>
      <trkpt lat="41.572197" lon="-77.334733"><ele>296.2</ele></trkpt>
      <trkpt lat="41.572327" lon="-77.334735"><ele>296.5</ele></trkpt>
      <trkpt lat="41.57247" lon="-77.334731"><ele>296.9</ele></trkpt>
      <trkpt lat="41.572597" lon="-77.334687"><ele>297.2</ele></trkpt>
      <trkpt lat="41.572729" lon="-77.334614"><ele>297.6</ele></trkpt>
      <trkpt lat="41.572847" lon="-77.334506"><ele>297.9</ele></trkpt>
      <trkpt lat="41.572994" lon="-77.334321"><ele>298.2</ele></trkpt>
      <trkpt lat="41.573159" lon="-77.334044"><ele>298.6</ele></trkpt>
      <trkpt lat="41.57328" lon="-77.333792"><ele>298.9</ele></trkpt>
      <trkpt lat="41.573388" lon="-77.333487"><ele>299.3</ele></trkpt>
      <trkpt lat="41.573491" lon="-77.333123"><ele>299.6</ele></trkpt>
      <trkpt lat="41.57369" lon="-77.332316"><ele>299.9</ele></trkpt>
      <trkpt lat="41.573806" lon="-77.331774"><ele>300.3</ele></trkpt>
      <trkpt lat="41.573896" lon="-77.331107"><ele>300.6</ele></trkpt>
      <trkpt lat="41.574055" lon="-77.329872"><ele>301.0</ele></trkpt>
      <trkpt lat="41.574133" lon="-77.329267"><ele>301.3</ele></trkpt>
      <trkpt lat="41.574211" lon="-77.328879"><ele>301.6</ele></trkpt>
      <trkpt lat="41.574347" lon="-77.328474"><ele>302.0</ele></trkpt>
      <trkpt lat="41.574519" lon="-77.32799"><ele>302.3</ele></trkpt>
      <trkpt lat="41.574741" lon="-77.327317"><ele>302.7</ele></trkpt>
      <trkpt lat="41.57488" lon="-77.326895"><ele>303.0</ele></trkpt>
      <trkpt lat="41.575036" lon="-77.326525"><ele>303.3</ele></trkpt>
      <trkpt lat="41.57517" lon="-77.326251"><ele>303.7</ele></trkpt>
      <trkpt lat="41.575516" lon="-77.325439"><ele>304.0</ele></trkpt>
      <trkpt lat="41.576193" lon="-77.32422"><ele>304.4</ele></trkpt>
      <trkpt lat="41.576546" lon="-77.323624"><ele>304.7</ele></trkpt>
      <trkpt lat="41.577422" lon="-77.322377"><ele>305.0</ele></trkpt>
      <trkpt lat="41.5777" lon="-77.322001"><ele>305.4</ele></trkpt>
      <trkpt lat="41.577881" lon="-77.32181"><ele>305.7</ele></trkpt>
      <trkpt lat="41.578141" lon="-77.321658"><ele>306.1</ele></trkpt>
      <trkpt lat="41.57862" lon="-77.321418"><ele>306.4</ele></trkpt>
      <trkpt lat="41.578907" lon="-77.321264"><ele>306.7</ele></trkpt>
      <trkpt lat="41.579303" lon="-77.321005"><ele>307.1</ele></trkpt>
      <trkpt lat="41.579779" lon="-77.320599"><ele>307.4</ele></trkpt>
      <trkpt lat="41.579952" lon="-77.320436"><ele>307.8</ele></trkpt>
      <trkpt lat="41.580151" lon="-77.320216"><ele>308.1</ele></trkpt>
      <trkpt lat="41.580335" lon="-77.319959"><ele>308.4</ele></trkpt>
      <trkpt lat="41.580497" lon="-77.319628"><ele>308.8</ele></trkpt>
      <trkpt lat="41.580684" lon="-77.319143"><ele>309.1</ele></trkpt>
      <trkpt lat="41.580801" lon="-77.318781"><ele>309.5</ele></trkpt>
      <trkpt lat="41.581118" lon="-77.317784"><ele>309.8</ele></trkpt>
      <trkpt lat="41.581544" lon="-77.316383"><ele>310.1</ele></trkpt>
      <trkpt lat="41.581945" lon="-77.315028"><ele>310.5</ele></trkpt>
      <trkpt lat="41.582168" lon="-77.31433"><ele>310.8</ele></trkpt>
      <trkpt lat="41.582483" lon="-77.313354"><ele>311.2</ele></trkpt>
      <trkpt lat="41.582603" lon="-77.312958"><ele>311.5</ele></trkpt>
      <trkpt lat="41.582706" lon="-77.312435"><ele>311.8</ele></trkpt>
      <trkpt lat="41.582804" lon="-77.311775"><ele>312.2</ele></trkpt>
      <trkpt lat="41.582857" lon="-77.311376"><ele>312.5</ele></trkpt>
      <trkpt lat="41.582951" lon="-77.310399"><ele>312.9</ele></trkpt>
      <trkpt lat="41.583052" lon="-77.30958"><ele>313.2</ele></trkpt>
      <trkpt lat="41.58322" lon="-77.30834"><ele>313.5</ele></trkpt>
      <trkpt lat="41.583324" lon="-77.307673"><ele>313.9</ele></trkpt>
      <trkpt lat="41.583412" lon="-77.307221"><ele>314.2</ele></trkpt>
      <trkpt lat="41.583513" lon="-77.306874"><ele>314.6</ele></trkpt>
      <trkpt lat="41.583674" lon="-77.306466"><ele>314.9</ele></trkpt>
      <trkpt lat="41.58403" lon="-77.305631"><ele>315.2</ele></trkpt>
      <trkpt lat="41.586215" lon="-77.300652"><ele>315.6</ele></trkpt>
      <trkpt lat="41.58639" lon="-77.300285"><ele>315.9</ele></trkpt>
      <trkpt lat="41.586531" lon="-77.299965"><ele>316.3</ele></trkpt>
      <trkpt lat="41.586663" lon="-77.299728"><ele>316.6</ele></trkpt>
      <trkpt lat="41.586831" lon="-77.299553"><ele>316.9</ele></trkpt>
      <trkpt lat="41.587039" lon="-77.29944"><ele>317.3</ele></trkpt>
      <trkpt lat="41.587286" lon="-77.299343"><ele>317.6</ele></trkpt>
      <trkpt lat="41.587324" lon="-77.299305"><ele>318.0</ele></trkpt>
      <trkpt lat="41.587367" lon="-77.299212"><ele>318.3</ele></trkpt>
      <trkpt lat="41.587292" lon="-77.299131"><ele>318.6</ele></trkpt>
      <trkpt lat="41.587218" lon="-77.29905"><ele>319.0</ele></trkpt>
      <trkpt lat="41.587145" lon="-77.298955"><ele>319.3</ele></trkpt>
      <trkpt lat="41.587078" lon="-77.298843"><ele>319.7</ele></trkpt>
      <trkpt lat="41.586994" lon="-77.298669"><ele>320.0</ele></trkpt>
    </trkseg>
  </trk>
</gpx>
